scenario,stratum,model,contrast,estimate
threshold_60,all,logistic,social,-1.6878738855567832
threshold_60,all,logistic,area,-10.615482184436274
threshold_60,all,logistic,marital,3.7004261457122993
threshold_60,all,lightgbm,social,-2.8269472241999978
threshold_60,all,lightgbm,area,-10.332331837470264
threshold_60,all,lightgbm,marital,3.1753941036551936
threshold_60,low,logistic,social,-3.1029677076652575
threshold_60,low,logistic,area,-11.59783731088956
threshold_60,low,logistic,marital,1.8329779256419556
threshold_60,low,lightgbm,social,-4.464073371593116
threshold_60,low,lightgbm,area,-11.673418138004934
threshold_60,low,lightgbm,marital,1.2136973574578604
threshold_60,intermediate,logistic,social,-2.3008659504832707
threshold_60,intermediate,logistic,area,-10.718061686717412
threshold_60,intermediate,logistic,marital,2.330779669958673
threshold_60,intermediate,lightgbm,social,-3.396760856058961
threshold_60,intermediate,lightgbm,area,-10.698546305971206
threshold_60,intermediate,lightgbm,marital,1.9700438208372475
threshold_60,high,logistic,social,-0.5730844903319436
threshold_60,high,logistic,area,-9.739605358709298
threshold_60,high,logistic,marital,5.811730469372925
threshold_60,high,lightgbm,social,-1.8963293487589752
threshold_60,high,lightgbm,area,-8.240633730570032
threshold_60,high,lightgbm,marital,5.2610088700448685
threshold_60,unknown,logistic,social,-0.9282847882681438
threshold_60,unknown,logistic,area,-13.151008159647155
threshold_60,unknown,logistic,marital,3.30571175614557
threshold_60,unknown,lightgbm,social,-2.1072427187706495
threshold_60,unknown,lightgbm,area,-16.91330917216039
threshold_60,unknown,lightgbm,marital,1.31688807495577
threshold_120,all,logistic,social,-0.5550566431399346
threshold_120,all,logistic,area,-6.869490058714707
threshold_120,all,logistic,marital,6.016819820247264
threshold_120,all,lightgbm,social,-0.646480223489565
threshold_120,all,lightgbm,area,-7.089843869540562
threshold_120,all,lightgbm,marital,4.966484286040526
threshold_120,low,logistic,social,-2.486602532258786
threshold_120,low,logistic,area,-9.73848052575282
threshold_120,low,logistic,marital,3.644863446062139
threshold_120,low,lightgbm,social,-3.7945113911550052
threshold_120,low,lightgbm,area,-11.720803594204646
threshold_120,low,lightgbm,marital,1.0873437007156284
threshold_120,intermediate,logistic,social,-0.6209911402197505
threshold_120,intermediate,logistic,area,-6.275852479407277
threshold_120,intermediate,logistic,marital,5.91440713211594
threshold_120,intermediate,lightgbm,social,-0.4618403354108196
threshold_120,intermediate,lightgbm,area,-6.971829273448975
threshold_120,intermediate,lightgbm,marital,5.057799798058387
threshold_120,high,logistic,social,0.21674701453806833
threshold_120,high,logistic,area,-5.935237827638506
threshold_120,high,logistic,marital,6.855046176066111
threshold_120,high,lightgbm,social,0.11496550454767629
threshold_120,high,lightgbm,area,-5.397942960957952
threshold_120,high,lightgbm,marital,6.021978323268851
threshold_120,unknown,logistic,social,0.10068458659381108
threshold_120,unknown,logistic,area,-8.208083760397813
threshold_120,unknown,logistic,marital,7.000102076013061
threshold_120,unknown,lightgbm,social,-0.8796040973521677
threshold_120,unknown,lightgbm,area,-11.311205012276963
threshold_120,unknown,lightgbm,marital,5.662700324796084
threshold_180,all,logistic,social,0.14164364437744936
threshold_180,all,logistic,area,-2.9633644025117523
threshold_180,all,logistic,marital,3.447865627452112
threshold_180,all,lightgbm,social,0.286000631705134
threshold_180,all,lightgbm,area,-3.2007308228369045
threshold_180,all,lightgbm,marital,3.0812686568300975
threshold_180,low,logistic,social,-0.7486784562559023
threshold_180,low,logistic,area,-4.7966102314539825
threshold_180,low,logistic,marital,2.6588519681564424
threshold_180,low,lightgbm,social,-1.0314424202483554
threshold_180,low,lightgbm,area,-5.311670361616535
threshold_180,low,lightgbm,marital,1.8238052117687324
threshold_180,intermediate,logistic,social,0.2018966110919571
threshold_180,intermediate,logistic,area,-2.6156523658206075
threshold_180,intermediate,logistic,marital,3.66711650733148
threshold_180,intermediate,lightgbm,social,0.3992214360801931
threshold_180,intermediate,lightgbm,area,-2.7390213039882143
threshold_180,intermediate,lightgbm,marital,3.3211987732391286
threshold_180,high,logistic,social,0.3569304717422206
threshold_180,high,logistic,area,-2.26857928619896
threshold_180,high,logistic,marital,3.3314828591968677
threshold_180,high,lightgbm,social,0.45320437351297294
threshold_180,high,lightgbm,area,-1.9132417720084094
threshold_180,high,lightgbm,marital,3.2289405216311318
threshold_180,unknown,logistic,social,0.6832806257206343
threshold_180,unknown,logistic,area,-4.1403296614572795
threshold_180,unknown,logistic,marital,4.174227670999301
threshold_180,unknown,lightgbm,social,0.311514513638226
threshold_180,unknown,lightgbm,area,-7.057102782995237
threshold_180,unknown,lightgbm,marital,3.152882407672939
risk_grade_psa_only,all,logistic,social,-1.0973757171759217
risk_grade_psa_only,all,logistic,area,-9.200927918852262
risk_grade_psa_only,all,logistic,marital,6.735602586784388
risk_grade_psa_only,all,lightgbm,social,-1.5785816990147055
risk_grade_psa_only,all,lightgbm,area,-8.770927714535489
risk_grade_psa_only,all,lightgbm,marital,5.923983805734487
risk_grade_psa_only,low,logistic,social,-3.5233721205417936
risk_grade_psa_only,low,logistic,area,-11.822240393538806
risk_grade_psa_only,low,logistic,marital,3.596126103421561
risk_grade_psa_only,low,lightgbm,social,-4.851830614156206
risk_grade_psa_only,low,lightgbm,area,-12.996683098622832
risk_grade_psa_only,low,lightgbm,marital,2.097967979170072
risk_grade_psa_only,intermediate,logistic,social,-1.2820066053829677
risk_grade_psa_only,intermediate,logistic,area,-8.705149708993261
risk_grade_psa_only,intermediate,logistic,marital,6.934707147651984
risk_grade_psa_only,intermediate,lightgbm,social,-1.5065400575300103
risk_grade_psa_only,intermediate,lightgbm,area,-9.113148505046077
risk_grade_psa_only,intermediate,lightgbm,marital,6.255643289525004
risk_grade_psa_only,high,logistic,social,0.6768789731702363
risk_grade_psa_only,high,logistic,area,-7.576564523065652
risk_grade_psa_only,high,logistic,marital,8.376747290513173
risk_grade_psa_only,high,lightgbm,social,0.4234208922107072
risk_grade_psa_only,high,lightgbm,area,-7.236379646656758
risk_grade_psa_only,high,lightgbm,marital,7.360960834424532
risk_grade_psa_only,unknown,logistic,social,0.03954338732939533
risk_grade_psa_only,unknown,logistic,area,-11.605838519630371
risk_grade_psa_only,unknown,logistic,marital,5.962233086039824
risk_grade_psa_only,unknown,lightgbm,social,0.6822424618528586
risk_grade_psa_only,unknown,lightgbm,area,-13.46276183068375
risk_grade_psa_only,unknown,lightgbm,marital,5.932001572959315
surgery_only,all,logistic,social,-1.4990700631806675
surgery_only,all,logistic,area,-8.936688463893724
surgery_only,all,logistic,marital,7.149508347467204
surgery_only,all,lightgbm,social,-1.1434100114190358
surgery_only,all,lightgbm,area,-7.763475977294462
surgery_only,all,lightgbm,marital,6.894890863682264
surgery_only,low,logistic,social,-4.162294594885978
surgery_only,low,logistic,area,-11.46061022828902
surgery_only,low,logistic,marital,2.6504442188884667
surgery_only,low,lightgbm,social,-4.419161493257235
surgery_only,low,lightgbm,area,-12.748615676787836
surgery_only,low,lightgbm,marital,0.7353439736627507
surgery_only,intermediate,logistic,social,-1.322926395343977
surgery_only,intermediate,logistic,area,-7.685308733218008
surgery_only,intermediate,logistic,marital,7.648449445605394
surgery_only,intermediate,lightgbm,social,-0.40817636994925977
surgery_only,intermediate,lightgbm,area,-7.310759947804669
surgery_only,intermediate,lightgbm,marital,7.83634041989356
surgery_only,high,logistic,social,-0.5284702143909001
surgery_only,high,logistic,area,-8.72939735523224
surgery_only,high,logistic,marital,8.663536014781528
surgery_only,high,lightgbm,social,-0.3470971005944108
surgery_only,high,lightgbm,area,-5.976970752212125
surgery_only,high,lightgbm,marital,7.85897423626713
surgery_only,unknown,logistic,social,-1.6556413331830129
surgery_only,unknown,logistic,area,-8.230401591912564
surgery_only,unknown,logistic,marital,4.598446661837244
surgery_only,unknown,lightgbm,social,-0.4966539725430863
surgery_only,unknown,lightgbm,area,-10.551178876001678
surgery_only,unknown,lightgbm,marital,4.98609054256648
exclude_2020,all,logistic,social,-1.1259203963045863
exclude_2020,all,logistic,area,-9.354874930154644
exclude_2020,all,logistic,marital,6.817828733258821
exclude_2020,all,lightgbm,social,-1.5821590023113004
exclude_2020,all,lightgbm,area,-8.866630096692035
exclude_2020,all,lightgbm,marital,5.916957551155448
exclude_2020,low,logistic,social,-3.390849820917957
exclude_2020,low,logistic,area,-11.505172959247055
exclude_2020,low,logistic,marital,3.810684817981617
exclude_2020,low,lightgbm,social,-4.739870544716894
exclude_2020,low,lightgbm,area,-13.921813094960498
exclude_2020,low,lightgbm,marital,2.5162898720306615
exclude_2020,intermediate,logistic,social,-1.5046826041700783
exclude_2020,intermediate,logistic,area,-8.953245100370331
exclude_2020,intermediate,logistic,marital,6.385859900496207
exclude_2020,intermediate,lightgbm,social,-1.70038939433271
exclude_2020,intermediate,lightgbm,area,-9.66450965495855
exclude_2020,intermediate,lightgbm,marital,5.462645672532858
exclude_2020,high,logistic,social,0.13465513347083657
exclude_2020,high,logistic,area,-8.372928311088938
exclude_2020,high,logistic,marital,8.485318750753656
exclude_2020,high,lightgbm,social,0.026951058997262578
exclude_2020,high,lightgbm,area,-6.934817079673394
exclude_2020,high,lightgbm,marital,7.936132363812142
exclude_2020,unknown,logistic,social,-0.20196210179256724
exclude_2020,unknown,logistic,area,-12.226923881465055
exclude_2020,unknown,logistic,marital,6.203113033081721
exclude_2020,unknown,lightgbm,social,0.9125615051057707
exclude_2020,unknown,lightgbm,area,-14.547926437836011
exclude_2020,unknown,lightgbm,marital,6.671859126926094
include_2023,all,logistic,social,-1.0441845258493672
include_2023,all,logistic,area,-8.555864016842328
include_2023,all,logistic,marital,6.390805672317541
include_2023,all,lightgbm,social,-1.551668327241309
include_2023,all,lightgbm,area,-8.307588783178836
include_2023,all,lightgbm,marital,5.763943596128826
include_2023,low,logistic,social,-3.2654102433563565
include_2023,low,logistic,area,-10.921863577235293
include_2023,low,logistic,marital,3.2995288943298036
include_2023,low,lightgbm,social,-4.634684598753111
include_2023,low,lightgbm,area,-12.18974757237828
include_2023,low,lightgbm,marital,2.2185866574561075
include_2023,intermediate,logistic,social,-1.4277415227335197
include_2023,intermediate,logistic,area,-7.951470237575208
include_2023,intermediate,logistic,marital,5.9486049913877395
include_2023,intermediate,lightgbm,social,-1.6900847666576908
include_2023,intermediate,lightgbm,area,-9.026245121966618
include_2023,intermediate,lightgbm,marital,5.237536066320075
include_2023,high,logistic,social,0.07985620151284678
include_2023,high,logistic,area,-7.7317506963252
include_2023,high,logistic,marital,7.912949589928118
include_2023,high,lightgbm,social,-0.12592703621375279
include_2023,high,lightgbm,area,-7.035877894984274
include_2023,high,lightgbm,marital,7.292293669009503
include_2023,unknown,logistic,social,-0.1743677271890789
include_2023,unknown,logistic,area,-11.839108385414107
include_2023,unknown,logistic,marital,6.057476918451258
include_2023,unknown,lightgbm,social,-0.2368085215399205
include_2023,unknown,lightgbm,area,-13.411350490722857
include_2023,unknown,lightgbm,marital,5.328717562714104
include_zero_days,all,logistic,social,-1.144173527212736
include_zero_days,all,logistic,area,-9.167246283211995
include_zero_days,all,logistic,marital,6.464659238134509
include_zero_days,all,lightgbm,social,-1.5693932224239049
include_zero_days,all,lightgbm,area,-9.179034070618105
include_zero_days,all,lightgbm,marital,5.790413137589198
include_zero_days,low,logistic,social,-3.4578581596922007
include_zero_days,low,logistic,area,-11.257459742447217
include_zero_days,low,logistic,marital,3.3614863890483733
include_zero_days,low,lightgbm,social,-4.885114551315688
include_zero_days,low,lightgbm,area,-13.286860431076327
include_zero_days,low,lightgbm,marital,2.451802219679159
include_zero_days,intermediate,logistic,social,-1.4561485737339979
include_zero_days,intermediate,logistic,area,-8.690371638902299
include_zero_days,intermediate,logistic,marital,6.274421962966095
include_zero_days,intermediate,lightgbm,social,-1.6637978459812857
include_zero_days,intermediate,lightgbm,area,-9.518066835954933
include_zero_days,intermediate,lightgbm,marital,5.367026303814022
include_zero_days,high,logistic,social,0.020143617270079517
include_zero_days,high,logistic,area,-8.343514647328679
include_zero_days,high,logistic,marital,8.013311455900208
include_zero_days,high,lightgbm,social,-0.10669334165975641
include_zero_days,high,lightgbm,area,-7.137240865131567
include_zero_days,high,lightgbm,marital,7.3209643613255935
include_zero_days,unknown,logistic,social,-0.2453140938055256
include_zero_days,unknown,logistic,area,-11.717299682457426
include_zero_days,unknown,logistic,marital,4.926008806820533
include_zero_days,unknown,lightgbm,social,-0.35186200496329434
include_zero_days,unknown,lightgbm,area,-14.686768201714614
include_zero_days,unknown,lightgbm,marital,4.300798942900499
strict_first_primary,all,logistic,social,-1.1056348027602283
strict_first_primary,all,logistic,area,-9.10696495012894
strict_first_primary,all,logistic,marital,6.615281777935657
strict_first_primary,all,lightgbm,social,-1.624370749546081
strict_first_primary,all,lightgbm,area,-9.250658669633438
strict_first_primary,all,lightgbm,marital,5.647575586069479
strict_first_primary,low,logistic,social,-3.4277019788062972
strict_first_primary,low,logistic,area,-11.125334975822227
strict_first_primary,low,logistic,marital,3.4520042478001685
strict_first_primary,low,lightgbm,social,-4.639409942180549
strict_first_primary,low,lightgbm,area,-12.88807599182789
strict_first_primary,low,lightgbm,marital,1.6308233940649473
strict_first_primary,intermediate,logistic,social,-1.4384245628975876
strict_first_primary,intermediate,logistic,area,-8.62502286081493
strict_first_primary,intermediate,logistic,marital,6.396393728962423
strict_first_primary,intermediate,lightgbm,social,-1.7030949954337018
strict_first_primary,intermediate,lightgbm,area,-9.604559302596684
strict_first_primary,intermediate,lightgbm,marital,5.374630480469484
strict_first_primary,high,logistic,social,0.03336097064875787
strict_first_primary,high,logistic,area,-8.246179296819289
strict_first_primary,high,logistic,marital,8.11591812685981
strict_first_primary,high,lightgbm,social,-0.03588782814194502
strict_first_primary,high,lightgbm,area,-6.71736069780426
strict_first_primary,high,lightgbm,marital,7.307723164858821
strict_first_primary,unknown,logistic,social,0.1173971451316973
strict_first_primary,unknown,logistic,area,-12.740836516194381
strict_first_primary,unknown,logistic,marital,5.747204292346865
strict_first_primary,unknown,lightgbm,social,-0.26792197425417186
strict_first_primary,unknown,lightgbm,area,-14.972241847189974
strict_first_primary,unknown,lightgbm,marital,5.508251316584712
exclude_prostatectomy_nos,all,logistic,social,-1.101042304065352
exclude_prostatectomy_nos,all,logistic,area,-9.204627181383078
exclude_prostatectomy_nos,all,logistic,marital,6.72848984341055
exclude_prostatectomy_nos,all,lightgbm,social,-1.6337001985838668
exclude_prostatectomy_nos,all,lightgbm,area,-9.090120835186013
exclude_prostatectomy_nos,all,lightgbm,marital,5.868083724497204
exclude_prostatectomy_nos,low,logistic,social,-3.411196687834668
exclude_prostatectomy_nos,low,logistic,area,-11.290894473623936
exclude_prostatectomy_nos,low,logistic,marital,3.5013933652805207
exclude_prostatectomy_nos,low,lightgbm,social,-4.781906561817031
exclude_prostatectomy_nos,low,lightgbm,area,-13.313471556115438
exclude_prostatectomy_nos,low,lightgbm,marital,2.3365431748933716
exclude_prostatectomy_nos,intermediate,logistic,social,-1.443653126866458
exclude_prostatectomy_nos,intermediate,logistic,area,-8.691920047361947
exclude_prostatectomy_nos,intermediate,logistic,marital,6.441336803564582
exclude_prostatectomy_nos,intermediate,lightgbm,social,-1.7163901872331238
exclude_prostatectomy_nos,intermediate,lightgbm,area,-9.458716734102971
exclude_prostatectomy_nos,intermediate,lightgbm,marital,5.485256867866305
exclude_prostatectomy_nos,high,logistic,social,0.09895416597967
exclude_prostatectomy_nos,high,logistic,area,-8.336159754850268
exclude_prostatectomy_nos,high,logistic,marital,8.308224110275525
exclude_prostatectomy_nos,high,lightgbm,social,-0.05775230718622737
exclude_prostatectomy_nos,high,lightgbm,area,-7.031524129152562
exclude_prostatectomy_nos,high,lightgbm,marital,7.524995660269184
exclude_prostatectomy_nos,unknown,logistic,social,-0.2286932996433393
exclude_prostatectomy_nos,unknown,logistic,area,-12.830365551954046
exclude_prostatectomy_nos,unknown,logistic,marital,6.10708022736349
exclude_prostatectomy_nos,unknown,lightgbm,social,-0.3099428305569347
exclude_prostatectomy_nos,unknown,lightgbm,area,-14.764402093418973
exclude_prostatectomy_nos,unknown,lightgbm,marital,5.493807829569363
