scenario,stratum,model,step,log_loss,brier,auc,calibration_intercept,calibration_slope,log_loss_skill,brier_skill
threshold_60,all,logistic,0,0.6336338215178713,0.22100408731600574,0.5496516707257594,-6.1821290162492656e-06,1.0001683095837768,0.0,0.0
threshold_60,all,logistic,1,0.6057414966261715,0.20838788658037122,0.6450936633890693,1.634669216627187e-05,1.0013064234421052,0.0440196276532141,0.057085825374781685
threshold_60,all,logistic,2,0.6023182384005362,0.20689187074079857,0.6530845615651024,5.107102290921584e-05,1.0003067210478644,0.049422208938150636,0.06385500262277333
threshold_60,all,lightgbm,0,0.632812022084882,0.2206537500343987,0.551124148484579,1.0502869443123686e-05,0.993535582186851,0.0,0.0
threshold_60,all,lightgbm,1,0.6033282130957143,0.20738978068398206,0.6504507384014002,8.949692621517129e-05,1.0019386319020824,0.04659173334291189,0.060112141073282666
threshold_60,all,lightgbm,2,0.5973607749527033,0.2047768081731699,0.6643046523349596,0.00014803796761067654,1.028900740932429,0.05602176617217203,0.0719540993921638
threshold_60,low,logistic,0,0.5571941053241102,0.18571571188980043,0.5606708437907877,-2.8410597913558922e-05,1.0097573712798542,0.0,0.0
threshold_60,low,logistic,1,0.5556217957072155,0.185096247129255,0.5748707538942222,-0.00011540050859152489,1.0012383518317973,0.0028218346207739,0.0033355538647856786
threshold_60,low,logistic,2,0.5510309142834651,0.18322572857373023,0.5987029540413074,-0.00014507637614832522,0.9896734306917192,0.011061120320108309,0.013407499509506815
threshold_60,low,lightgbm,0,0.5564575997371585,0.18543670281173807,0.5646386938605739,6.0561726074959696e-05,0.9798039207812235,0.0,0.0
threshold_60,low,lightgbm,1,0.5552927140779176,0.18494279502582334,0.5770377057097773,0.0001565528802933197,0.8666571920467222,0.002093395183732083,0.002663484512104186
threshold_60,low,lightgbm,2,0.5484919800957005,0.18227594418377202,0.6099810056684912,0.0008206494898064386,0.9355929223842852,0.014314872589071381,0.017044946227149915
threshold_60,intermediate,logistic,0,0.6039371794645604,0.20714170497215537,0.5727254596815807,-0.00011227274280304006,1.003286827988105,0.0,0.0
threshold_60,intermediate,logistic,1,0.5984679015009324,0.20483718564869863,0.5971888601067422,-0.0001708043604597676,1.0034760336289985,0.009056037862210986,0.011125327580781108
threshold_60,intermediate,logistic,2,0.5952698076692955,0.20343590083582716,0.6073719431431305,-4.983855011723298e-05,0.9986145521444262,0.014351445961563791,0.01789018844286505
threshold_60,intermediate,lightgbm,0,0.6034362689658377,0.2069511618225751,0.5717908531421898,2.6607484609977253e-05,0.9918399395024731,0.0,0.0
threshold_60,intermediate,lightgbm,1,0.5974172381482068,0.20444280069606974,0.6000887586278962,0.00015043049566968282,0.9576498155544695,0.009974592392244186,0.012120546241029873
threshold_60,intermediate,lightgbm,2,0.5921034640274228,0.20210178987731167,0.6180034627879898,8.554090409368127e-05,0.9988666797074363,0.018780450432382856,0.023432446102529925
threshold_60,high,logistic,0,0.6699850079992035,0.2386014153570936,0.5574631902973182,8.94912487707537e-05,1.0014158181228399,0.0,0.0
threshold_60,high,logistic,1,0.6321654794130102,0.22088050811899482,0.6681969941947137,-4.887905451225576e-05,1.0017200977788898,0.05644832068576422,0.07426991667915073
threshold_60,high,logistic,2,0.6280565345145983,0.21900922425301733,0.6753158292109976,-0.0001934414283873329,0.9997345972078596,0.06258121149578766,0.08211263573082483
threshold_60,high,lightgbm,0,0.6692941563425998,0.23828779666797806,0.5565312039814942,4.8625438328747054e-05,0.984867810510089,0.0,0.0
threshold_60,high,lightgbm,1,0.6297627679092229,0.2198548671944171,0.6721183512590603,-1.781533141347741e-05,0.9902371000121492,0.05906429640652877,0.0773557426410919
threshold_60,high,lightgbm,2,0.6233148406567989,0.21691555583763855,0.6834027189068833,0.0001827090731158906,1.0173243745091838,0.06869821774189366,0.08969087435106404
threshold_60,unknown,logistic,0,0.6270442106451455,0.21813865939459096,0.5793134659164781,0.00017908670877820145,1.0323803296642506,0.0,0.0
threshold_60,unknown,logistic,1,0.6186169402447578,0.2144823573261075,0.6131912442396313,8.553039824392471e-05,1.0229001740399064,0.01343967499790355,0.016761366731742777
threshold_60,unknown,logistic,2,0.6160427879539455,0.21320483337111676,0.6208618075409775,0.00038154437453186444,0.9938417600107226,0.017544891579305055,0.022617843334910237
threshold_60,unknown,lightgbm,0,0.6258981244069971,0.21764466428458304,0.5813860659325001,-0.0004252166962161433,0.9536447498202989,0.0,0.0
threshold_60,unknown,lightgbm,1,0.6166192817592752,0.21364027300086247,0.6177481981816344,0.00026069511404079593,0.8864675497681487,0.014824844948230331,0.018398756968765362
threshold_60,unknown,lightgbm,2,0.6068410893919098,0.20905822651909653,0.6452358599283212,-0.0005653753928974085,0.9244797066093837,0.030447502991230002,0.03945163458847423
threshold_120,all,logistic,0,0.5350658794345666,0.17552314463151433,0.5602238589547476,0.00012133294932544858,1.0006179343535808,0.0,0.0
threshold_120,all,logistic,1,0.5187615025199548,0.16998164960013734,0.6334689037030133,0.00018044449830198006,1.0021866176021823,0.03047171860751341,0.031571306695823864
threshold_120,all,logistic,2,0.5151306691238065,0.16880654719238258,0.6451660110852206,5.968738048287275e-06,1.0003950450580132,0.03725748749261826,0.038266164004936654
threshold_120,all,lightgbm,0,0.5342755677619366,0.17525193001313777,0.5627634249280232,5.124585969485784e-06,0.9955908590662377,0.0,0.0
threshold_120,all,lightgbm,1,0.5172998609268203,0.16947101613551116,0.6378864727641765,-0.00014715511690362388,1.0012817041849376,0.03177331672909356,0.03298630649712808
threshold_120,all,lightgbm,2,0.5116624410130557,0.16757882857116443,0.6550975021016526,1.1975194489505453e-05,1.0266059005346402,0.04232483780534191,0.04378326356461881
threshold_120,low,logistic,0,0.6052804461120792,0.2076234738725383,0.5693040876088211,6.321744032899046e-05,1.0063331858432985,0.0,0.0
threshold_120,low,logistic,1,0.6048050978840264,0.20741999745277165,0.5741568309823376,-2.6136040105868234e-05,1.0014410998283814,0.0007853355103508708,0.0009800260826555718
threshold_120,low,logistic,2,0.6012027461847461,0.2059985474549193,0.5950975389705097,-5.550071435030395e-05,0.9840118437240031,0.006736877018786114,0.007826313601787427
threshold_120,low,lightgbm,0,0.6043708888788752,0.20725688021609148,0.5733622881057112,0.00013689164428188575,0.9853732319646309,0.0,0.0
threshold_120,low,lightgbm,1,0.6048807103107078,0.2074716348790039,0.576704134524394,-5.145802976130442e-05,0.8671736450438847,-0.0008435572282083914,-0.0010361762788695383
threshold_120,low,lightgbm,2,0.5990351387223861,0.20508133378766577,0.6045074457375718,0.0004094673171500941,0.9243587783242364,0.00882860219556092,0.010496859868571962
threshold_120,intermediate,logistic,0,0.5524762890382049,0.18359335011429181,0.583977634107507,0.00010472984002583851,1.0042836604135712,0.0,0.0
threshold_120,intermediate,logistic,1,0.5496198596263048,0.18249980950216382,0.5979105018988403,-0.00011455849196882772,1.0029589165337078,0.005170229869724929,0.005956319286331668
threshold_120,intermediate,logistic,2,0.5463895022554015,0.1813707654958634,0.60970220837869,1.7160533765726176e-05,0.9969074757129318,0.011017281471752849,0.012106019183400707
threshold_120,intermediate,lightgbm,0,0.551885437741242,0.18339212586614986,0.5844341037749312,2.252723411498179e-05,0.9936877823470365,0.0,0.0
threshold_120,intermediate,lightgbm,1,0.5488095272844566,0.18221197012836088,0.6000889039910197,-6.235689255453523e-05,0.9616056701624813,0.005573458269481524,0.006435149449384392
threshold_120,intermediate,lightgbm,2,0.5438533575413447,0.18046577227826124,0.6187986589213107,3.7429083639753716e-05,0.9990561922216161,0.014553890446486584,0.015956811526490755
threshold_120,high,logistic,0,0.4603206701549927,0.14340805327502315,0.5675519066555292,4.1174337085381034e-05,1.0044138734836439,0.0,0.0
threshold_120,high,logistic,1,0.4449234351637035,0.13880785429723808,0.6450131430676169,1.609457519718277e-05,1.0039595371911139,0.03344893242813729,0.03207768931193122
threshold_120,high,logistic,2,0.4402181833770072,0.13751319761686087,0.6617132357276732,-0.00025752869477190313,1.0027584341316529,0.043670615032813664,0.04110547157946087
threshold_120,high,lightgbm,0,0.45969580529211784,0.14322241006958722,0.5682289309248899,-3.428477354376538e-05,0.9874869557498333,0.0,0.0
threshold_120,high,lightgbm,1,0.44377759895558466,0.13849737912435447,0.6482715815728858,0.00016398129527448943,0.9824115875536338,0.03462769543093358,0.03299086325203582
threshold_120,high,lightgbm,2,0.43740472420080356,0.13665448596388377,0.6702443114635533,0.00012143441796598486,1.0158521755357226,0.048490938648328985,0.04585821522282929
threshold_120,unknown,logistic,0,0.5711040094237203,0.19212738312000543,0.5910474023522836,0.00011363466567476145,1.0341865774172228,0.0,0.0
threshold_120,unknown,logistic,1,0.5666296399507318,0.1902624197370221,0.6087177978942204,-0.0004399585438420702,1.0310167916470836,0.007834596499337154,0.009706910866622565
threshold_120,unknown,logistic,2,0.5636746115019056,0.18923029472652955,0.6198781405834008,-0.00038959988060527015,0.9908333287390131,0.013008835167015342,0.015078997831695418
threshold_120,unknown,lightgbm,0,0.5709753002392403,0.19208543516557874,0.5909104143524788,-0.00015933912898716132,0.9620613903085837,0.0,0.0
threshold_120,unknown,lightgbm,1,0.5678739055435247,0.19055435262794507,0.6032058651481771,-0.0026015992949637435,0.828492048559273,0.005431749314578238,0.007970841393122208
threshold_120,unknown,lightgbm,2,0.5594913542668039,0.1875582939339768,0.633456600088796,0.0007924800213261352,0.8520705075283602,0.020112859466293154,0.02356837324859906
threshold_180,all,logistic,0,0.30305409903824526,0.0823430984082811,0.5542898082156875,0.00019309623519442277,1.005312275544998,0.0,0.0
threshold_180,all,logistic,1,0.29221685713383044,0.08053275288003345,0.6521608496750699,-4.716074165690958e-05,1.0033039025654473,0.03576009015818382,0.021985394808335168
threshold_180,all,logistic,2,0.29022595052751327,0.08023201074816959,0.6646764833276535,-2.7807904646068044e-05,1.0019807491714872,0.042329566078936565,0.02563770007346733
threshold_180,all,lightgbm,0,0.3026637803520245,0.08227969651767197,0.5563094772616612,-2.027210233488102e-06,0.9894933613107634,0.0,0.0
threshold_180,all,lightgbm,1,0.29143117330533413,0.08037242866294732,0.6559493579851303,2.513959493471692e-05,0.9939086957030456,0.03711249173464326,0.023180297636550162
threshold_180,all,lightgbm,2,0.2884001180945185,0.07984659086076812,0.6734735865326864,-0.00013945238988147908,1.0189030353190092,0.04712708683185063,0.029571154973587865
threshold_180,low,logistic,0,0.39771858735429905,0.11829601501393425,0.5799721440831576,0.00026194247979883546,1.0124077397249243,0.0,0.0
threshold_180,low,logistic,1,0.3974586220548774,0.11823263710800706,0.584100408763813,4.4415152496228225e-05,1.0038788308138855,0.0006536413124439422,0.0005357568969649451
threshold_180,low,logistic,2,0.395215253702804,0.11778647709346468,0.6050957996458775,-0.000182526232908424,0.9912139826746748,0.006294233488426282,0.004307312637788718
threshold_180,low,lightgbm,0,0.3971749022883661,0.11815270872460047,0.5794482352279354,-3.271893702149961e-05,0.9830674771195365,0.0,0.0
threshold_180,low,lightgbm,1,0.398072942167772,0.11840081221822127,0.5821640201703027,-0.0006201382335714739,0.8241427076138512,-0.0022610690510194154,-0.002099854470531737
threshold_180,low,lightgbm,2,0.3947507856317305,0.11762656579940513,0.6084576296495271,0.00018003860821308795,0.8750683538487055,0.006103398383605851,0.004453075438344056
threshold_180,intermediate,logistic,0,0.3103356090411436,0.08525310324350983,0.5798400393315406,0.00013360872339010293,1.0101145448224278,0.0,0.0
threshold_180,intermediate,logistic,1,0.3081054046844016,0.0848334235123623,0.6017450374065366,-0.00029524698421204204,1.0077831664850723,0.007186427505476156,0.0049227502012307855
threshold_180,intermediate,logistic,2,0.30630379972627103,0.08453993740285583,0.6160627942869954,-1.627476221463444e-05,0.9959665555880424,0.012991771480333258,0.008365277198379317
threshold_180,intermediate,lightgbm,0,0.30995754153837357,0.08519176064028185,0.5804297892687091,-5.1951017831865275e-05,0.9851625543940992,0.0,0.0
threshold_180,intermediate,lightgbm,1,0.30809150055350387,0.08485491871040354,0.6019833367696144,-0.00012534851314747368,0.9079972214795657,0.006020311606577455,0.003953926146691655
threshold_180,intermediate,lightgbm,2,0.3051961173559783,0.08434933201516259,0.6244097243204232,-0.0001476853090562624,0.9626880241734583,0.015361536805213682,0.009888616208747814
threshold_180,high,logistic,0,0.2284622726393412,0.0571718903358911,0.5664833533555633,-0.0010834656539406027,1.0256882825885376,0.0,0.0
threshold_180,high,logistic,1,0.21979692173776605,0.05604031268514249,0.6642845383813821,0.00045041109571139536,1.0157528909621854,0.03792902347274907,0.019792552670560126
threshold_180,high,logistic,2,0.2176130613301015,0.05578139438336545,0.6814085257923069,-5.903359857015785e-05,1.0089245539775136,0.04748797770372648,0.024321321970575682
threshold_180,high,lightgbm,0,0.22812544704462756,0.05713056281228736,0.5672706254345267,-2.7240400894515925e-05,0.9812905011405356,0.0,0.0
threshold_180,high,lightgbm,1,0.21970769356082648,0.05599377322711326,0.6630664087505644,8.308549610248732e-05,0.9515292675561953,0.036899668988503276,0.019898098832129896
threshold_180,high,lightgbm,2,0.2165251952688482,0.055588022801835946,0.6876437864977551,0.00015802836169290018,0.9932880148870759,0.050850319094432495,0.0270002593098847
threshold_180,unknown,logistic,0,0.3877652171163974,0.11422467374656821,0.5725357495602823,0.00030668729310861023,1.0369362741464385,0.0,0.0
threshold_180,unknown,logistic,1,0.38259351720762635,0.11280630642142432,0.6061204035643524,0.00018376466629888575,1.027293147145756,0.013337193952645321,0.01241734625822477
threshold_180,unknown,logistic,2,0.3803291766455744,0.11243369259711211,0.6245657343622217,0.00023179363996374573,0.9890748027811904,0.019176656756686006,0.01567945953104466
threshold_180,unknown,lightgbm,0,0.38805100029943157,0.11429218582754841,0.5682811000770787,0.0005831364218931876,0.8853255352427967,0.0,0.0
threshold_180,unknown,lightgbm,1,0.38313824959328335,0.11283639227497927,0.603324725136281,0.0012257840729056266,0.7871266250026512,0.012660064533675741,0.01273747231298683
threshold_180,unknown,lightgbm,2,0.3779858108996423,0.11170081031386643,0.6393426401498417,0.0015129730239803875,0.8016578911658048,0.02593780042319871,0.022673251849361087
risk_grade_psa_only,all,logistic,0,0.6667709147264473,0.23696119695469955,0.558216740056452,-1.3331064102885216e-05,1.00120317363068,0.0,0.0
risk_grade_psa_only,all,logistic,1,0.6466712470138519,0.22775085993893524,0.6276957909684646,-2.309855476488056e-05,1.0015305448168237,0.030144787765437497,0.03886854528982264
risk_grade_psa_only,all,logistic,2,0.6425594812444203,0.22592838922227546,0.6377368680816023,-1.2062367587301276e-05,1.0001089043278402,0.03631147212226571,0.04655955436675685
risk_grade_psa_only,all,lightgbm,0,0.6656799609183354,0.23644825716450538,0.5609596245123092,-3.1266140735214127e-06,0.9967164543412474,0.0,0.0
risk_grade_psa_only,all,lightgbm,1,0.6445176831890509,0.2267818592992857,0.6325823738597811,-5.1046927471107306e-05,1.003880565583831,0.03179046835072241,0.040881662572350486
risk_grade_psa_only,all,lightgbm,2,0.6379137265518965,0.2238247658718864,0.6484122230906749,-7.739672866050864e-05,1.0298898892427286,0.04171108640274246,0.05338796506263255
risk_grade_psa_only,low,logistic,0,0.6833174737132685,0.24510468810452696,0.5674850786087738,9.773648514394321e-05,1.004173509800002,0.0,0.0
risk_grade_psa_only,low,logistic,1,0.6825179882344352,0.24464203026325693,0.575185840567227,0.00015668034141471006,0.9868986630667765,0.001170005904413185,0.0018875927867716413
risk_grade_psa_only,low,logistic,2,0.6779646801174203,0.24243544045002502,0.5950679717912712,8.708864590925222e-05,0.9826627625616704,0.00783353829188671,0.010890235005882931
risk_grade_psa_only,low,lightgbm,0,0.6820436041748015,0.2444787844800514,0.5720893883001239,-1.8446722441417106e-05,0.9868530044557737,0.0,0.0
risk_grade_psa_only,low,lightgbm,1,0.6814554058762755,0.24418346599456658,0.5804568235952844,4.2233470486222925e-05,0.9054898245422781,0.0008624057097311733,0.0012079513816010135
risk_grade_psa_only,low,lightgbm,2,0.6745039011773403,0.240810558286812,0.6069402438247993,0.00042709240767732724,0.9578127134526433,0.011054576204967748,0.01500427205182997
risk_grade_psa_only,intermediate,logistic,0,0.6717591535306183,0.23942866997482842,0.5842357342491582,-2.3557141222304255e-06,1.0024371025328291,0.0,0.0
risk_grade_psa_only,intermediate,logistic,1,0.668832727356762,0.23801994912287872,0.5952576619152252,-5.261178509860303e-05,1.0020356488809332,0.004356362184982032,0.005883676554264805
risk_grade_psa_only,intermediate,logistic,2,0.6649150873796477,0.23619768124329085,0.6068061702802066,-4.0164252899100184e-05,0.9978993054449415,0.010188273751090327,0.013494577453390444
risk_grade_psa_only,intermediate,lightgbm,0,0.6709892292060966,0.23907016199772882,0.5843705402036624,6.380767330137942e-05,0.9949383686458553,0.0,0.0
risk_grade_psa_only,intermediate,lightgbm,1,0.6676165134306343,0.2374515761112,0.5981895800469098,-7.021315032835389e-05,0.9767816523413542,0.005026482734235227,0.006770338351735461
risk_grade_psa_only,intermediate,lightgbm,2,0.6614493372371557,0.23457325174718882,0.6164704885638231,1.4701801709075205e-05,1.0156454480851234,0.01421765291259347,0.0188100021055021
risk_grade_psa_only,high,logistic,0,0.5898454516064763,0.20037557625405364,0.5617275123394462,-7.614711114778882e-05,1.0072196326866374,0.0,0.0
risk_grade_psa_only,high,logistic,1,0.5759313851453661,0.19476749372429605,0.6206053933331095,2.0622897220692795e-05,1.001914877188562,0.023589342637489907,0.027987854780500587
risk_grade_psa_only,high,logistic,2,0.5703814865449882,0.19265129142389784,0.6383621446141151,0.0001746987429215789,0.9985331821949868,0.03299841510768098,0.03854903364251483
risk_grade_psa_only,high,lightgbm,0,0.588887752511694,0.1999768106024636,0.5613467424374539,4.687678593152771e-06,0.9867177854498754,0.0,0.0
risk_grade_psa_only,high,lightgbm,1,0.5742193991162117,0.19409106084161112,0.6255430732079221,0.00029946530110572375,0.9665898494316053,0.024908572699839038,0.029432161374714827
risk_grade_psa_only,high,lightgbm,2,0.566308200907694,0.19100103374244237,0.6485610261682727,0.0004895775243937903,1.0147144014031024,0.03834270878906021,0.04488408847495973
risk_grade_psa_only,unknown,logistic,0,0.6678071136601637,0.23748408873059867,0.586841534497849,-5.8503895026459744e-05,1.0156761679355069,0.0,0.0
risk_grade_psa_only,unknown,logistic,1,0.6619449070472682,0.2346610703179788,0.608692706679369,-0.00035289597660063694,1.0074465802367598,0.008778293152292838,0.011887189696410783
risk_grade_psa_only,unknown,logistic,2,0.6585385951851788,0.23311149118217436,0.6182898474426337,-0.0006606047817781747,0.9826439732561713,0.013879035256431083,0.018412170566022956
risk_grade_psa_only,unknown,lightgbm,0,0.6669072187094368,0.23707147067984252,0.5877807035868171,-0.0004165583355769222,0.9578693679568361,0.0,0.0
risk_grade_psa_only,unknown,lightgbm,1,0.6622577113218587,0.23474647483281105,0.6067261071158361,-0.0004963439685989482,0.864226428778383,0.006971745479941838,0.009807151574856898
risk_grade_psa_only,unknown,lightgbm,2,0.6541865804272795,0.23095189981050243,0.6309445991657229,0.0009250822584476346,0.8880723556463453,0.019074074961692,0.025813189802177283
surgery_only,all,logistic,0,0.6680218854152998,0.23758709605172254,0.5773716167257393,-1.3680804470890366e-05,1.0018605778023117,0.0,0.0
surgery_only,all,logistic,1,0.6569484321299572,0.23242646804379435,0.6148981871192463,-2.0897300951483108e-05,0.9985903838952443,0.01657648278762358,0.02172099450554643
surgery_only,all,logistic,2,0.6525130278468513,0.23039343302066811,0.6269934974897919,-0.0001195055697270019,0.9967944078741071,0.023216092027893542,0.03027800394297664
surgery_only,all,lightgbm,0,0.6670069392695908,0.2371147576139363,0.5793133304665777,-1.0523565617453177e-05,0.9940905171003892,0.0,0.0
surgery_only,all,lightgbm,1,0.655965014736935,0.23196301145742992,0.6173453325757934,0.00012485871956471883,0.986713823797523,0.016554437266795508,0.021726805232824442
surgery_only,all,lightgbm,2,0.6492880763094648,0.22889916185450987,0.6349779511027649,0.00010450225348986042,1.0168560308820946,0.02656473556261507,0.034648184035861784
surgery_only,low,logistic,0,0.6800560647173981,0.2434859905694331,0.571873104797506,-2.3373027932885315e-06,1.0127784389688486,0.0,0.0
surgery_only,low,logistic,1,0.6796867181439595,0.24330697906790752,0.5755119377761108,-0.0001139100898421598,1.001689458293507,0.0005431119470893364,0.0007352024693779713
surgery_only,low,logistic,2,0.6748748801448435,0.24098170796479723,0.597707426957758,-1.979440328457073e-05,0.9851672679423549,0.007618760924818169,0.010285119890385386
surgery_only,low,lightgbm,0,0.679334673202575,0.24313348556047734,0.5719495071376903,3.746944891205861e-06,0.9700654690338116,0.0,0.0
surgery_only,low,lightgbm,1,0.6803595984008901,0.24362046209854266,0.5757968778035996,-0.0004369285738313952,0.8183672721727272,-0.0015087191022995494,-0.002002918425418443
surgery_only,low,lightgbm,2,0.6744048957717163,0.2407252774879542,0.6007256589609973,0.0011846338241221742,0.8594222297644931,0.007256772876936157,0.00990488030462644
surgery_only,intermediate,logistic,0,0.6686459069760842,0.2379196948745504,0.5924470284728002,-6.229359397742556e-05,1.0105011661294239,0.0,0.0
surgery_only,intermediate,logistic,1,0.6664654704356565,0.23688120280565508,0.6001343732826004,1.1150987893673251e-05,1.0072317361425287,0.003260973435534109,0.004364884838318539
surgery_only,intermediate,logistic,2,0.6625221999421755,0.23503101025830242,0.6120890556083595,-4.1590149878982475e-05,0.9967760591976234,0.009158370626394463,0.012141427038106722
surgery_only,intermediate,lightgbm,0,0.6680446812595516,0.23764908010941305,0.5923738018087502,-2.2054637170035134e-05,0.9909624626074873,0.0,0.0
surgery_only,intermediate,lightgbm,1,0.6676769855236178,0.23746028826082421,0.5963597164938397,6.375522658549947e-05,0.8897758764401069,0.0005504059028516028,0.000794414388231246
surgery_only,intermediate,lightgbm,2,0.6616535746396005,0.23464034461696737,0.6147371831114639,-3.585166663891415e-06,0.9376386491477016,0.009566884969282485,0.012660412954514588
surgery_only,high,logistic,0,0.655505264328833,0.23152184567308698,0.5849325942225103,0.00015957584641823098,1.007768464777449,0.0,0.0
surgery_only,high,logistic,1,0.6410523815298855,0.22490148597630238,0.6296798599297423,-2.0313221869468212e-05,1.0002579237630096,0.02204846182851894,0.028594967691008555
surgery_only,high,logistic,2,0.636020161101885,0.22267133439948208,0.64185871381387,1.439200301517167e-05,0.9963671484315743,0.029725319211431067,0.038227542838881745
surgery_only,high,lightgbm,0,0.6542917809347428,0.23096550681853445,0.5857851606270208,7.201502315586777e-05,0.992646379278767,0.0,0.0
surgery_only,high,lightgbm,1,0.6403725374546623,0.22457787755916936,0.6310497590088868,0.0003237296721609467,0.9651432733323919,0.02127375566325329,0.027656204371606652
surgery_only,high,lightgbm,2,0.633353420890636,0.22143220295839489,0.6479651158597042,0.0002546265445596656,0.9949443670826499,0.03200156360545081,0.04127587704093716
surgery_only,unknown,logistic,0,0.6488499076639332,0.22837227608112162,0.603163041522164,0.0001503161705860099,1.0627677681076733,0.0,0.0
surgery_only,unknown,logistic,1,0.6429680180934548,0.22561141148446304,0.6237358662066989,0.0004806040498174218,1.040580859706602,0.009065100419995531,0.012089315936396283
surgery_only,unknown,logistic,2,0.6389139971485411,0.22377362775051646,0.6351964166430277,0.0009803179455745489,0.9937876377155731,0.015313110779601624,0.020136631335108457
surgery_only,unknown,lightgbm,0,0.6482466846664565,0.2281343037218777,0.6034640947509371,-2.078088584474974e-05,0.9511091515057255,0.0,0.0
surgery_only,unknown,lightgbm,1,0.6442296890830244,0.22599855261996865,0.6195981991709598,0.00012098221950612633,0.8398103493175306,0.0061967082569793774,0.009361814804111135
surgery_only,unknown,lightgbm,2,0.6394168754449022,0.22371858807444595,0.6374732575057419,0.007569665232897563,0.7914585922628313,0.013621063447624926,0.01935577234721808
exclude_2020,all,logistic,0,0.6659022738126601,0.23653547422356208,0.5594322978344456,-7.558611543422261e-05,1.0013072268518401,0.0,0.0
exclude_2020,all,logistic,1,0.6464686773065766,0.2276424973749277,0.6270458670634138,-3.59162684772723e-05,1.0014282799317102,0.02918385665634582,0.037596799709751605
exclude_2020,all,logistic,2,0.6421990657432245,0.2257515055088499,0.6374895294247052,2.2299520996261687e-05,1.000630481787371,0.035595625666994035,0.04559133783256408
exclude_2020,all,lightgbm,0,0.6647302964437082,0.2359843901591463,0.5626582768900888,3.053531946794162e-06,0.9965479499713557,0.0,0.0
exclude_2020,all,lightgbm,1,0.6442461362078153,0.22663869281828006,0.6320875163729893,4.258998132454202e-05,1.0036238665676465,0.030815746394413868,0.03960303194022097
exclude_2020,all,lightgbm,2,0.6374159628654715,0.22357549188884016,0.6486355802742321,-3.403677648655223e-05,1.0285644246806007,0.041090851017875574,0.05258355547134985
exclude_2020,low,logistic,0,0.6844311685571008,0.2456582621509351,0.560489935148477,-7.277407626438441e-06,1.005118043983374,0.0,0.0
exclude_2020,low,logistic,1,0.683463119546548,0.24518612807952156,0.5683340326885806,8.063226743358696e-05,1.0000438255457043,0.001414384754852116,0.0019219140739645812
exclude_2020,low,logistic,2,0.6794448758012663,0.24311768562504907,0.5891037317128966,0.00015360031579435924,0.973153606291374,0.00728530929756821,0.01034191361463388
exclude_2020,low,lightgbm,0,0.6832122457553171,0.24505745315510685,0.5657143326790537,0.00012900734019027004,0.9810209712169182,0.0,0.0
exclude_2020,low,lightgbm,1,0.6826938839460219,0.24479782697414254,0.573562005707295,-0.00010170427372855305,0.8829838141714788,0.0007587127024079043,0.0010594502538960882
exclude_2020,low,lightgbm,2,0.6761887808076474,0.24162747624386835,0.6007585387261376,0.0008743875824988967,0.9331674034185249,0.01028006302771256,0.013996623514517359
exclude_2020,intermediate,logistic,0,0.6714868022091285,0.23928640964957695,0.5833078970593535,-5.8907236075168715e-05,1.0040283472477567,0.0,0.0
exclude_2020,intermediate,logistic,1,0.6683167087321591,0.23776098479659147,0.5956262756965114,1.9775508452530817e-05,1.004339418584378,0.004721006379485138,0.006374891307949326
exclude_2020,intermediate,logistic,2,0.66444677979275,0.23597131225520587,0.6071228317605276,2.5249132983014982e-05,1.0000190966602904,0.010484230506418668,0.013854098104551293
exclude_2020,intermediate,lightgbm,0,0.6706722492417196,0.23890651236846192,0.5839669982292004,1.4116587047244365e-05,0.9944436523320818,0.0,0.0
exclude_2020,intermediate,lightgbm,1,0.6670924230039705,0.23718396463260094,0.5984576849925924,7.14570577938238e-05,0.9636241537491871,0.005337668647832916,0.007210133029795007
exclude_2020,intermediate,lightgbm,2,0.6605455413099336,0.23413571483484671,0.6182698558723771,0.00027154898505449775,1.0049440267199934,0.01509933942135755,0.019969307183461238
exclude_2020,high,logistic,0,0.6273621259429027,0.2179959469858252,0.5671700636304422,-1.9177748196202256e-05,1.0039498239286284,0.0,0.0
exclude_2020,high,logistic,1,0.6054038993503407,0.20842545392775613,0.6420104354349623,-8.953487907943625e-05,1.0027280031850516,0.03500088016878555,0.04390216052361451
exclude_2020,high,logistic,2,0.5997989007797067,0.20614186516608057,0.654980359648206,-5.803756784985995e-06,1.0016782346753956,0.043935111833169005,0.054377533085582574
exclude_2020,high,lightgbm,0,0.6262652143428076,0.21751039664586608,0.5680830834249889,-1.504567268455475e-05,0.9939658520277023,0.0,0.0
exclude_2020,high,lightgbm,1,0.6029813866138051,0.20742020459199673,0.6465601212445364,-0.00011094388696840157,0.9926716235471227,0.03717886160009087,0.04638947015621253
exclude_2020,high,lightgbm,2,0.5954469973912273,0.20428229760136676,0.6639519565357644,0.00013621272885628796,1.0185353588237698,0.049209530157156234,0.06081593913892902
exclude_2020,unknown,logistic,0,0.6680632686538823,0.23760226163178882,0.5842193998348028,0.00016468698964316195,1.036564622514632,0.0,0.0
exclude_2020,unknown,logistic,1,0.6640056766581527,0.23563606030786022,0.6005303599538995,0.00020390666603034352,1.0318401884138286,0.006073664256239564,0.00827517932878774
exclude_2020,unknown,logistic,2,0.6611403351531772,0.23420137948398534,0.6115626935299262,0.0001826511475959494,0.981689952155815,0.010362691417917014,0.014313340809330444
exclude_2020,unknown,lightgbm,0,0.667142387242852,0.23717780044897477,0.58556504932307,-5.553960278849215e-07,0.9666367254105359,0.0,0.0
exclude_2020,unknown,lightgbm,1,0.6645689801931788,0.23584228857352485,0.599926669614214,0.00019449376045854987,0.8296079319290707,0.003857358037627545,0.005630846870667505
exclude_2020,unknown,lightgbm,2,0.6556873293240155,0.23169142448625787,0.6268742157896504,0.0006621637634378233,0.8540492758069294,0.01717033445615357,0.023131911807644956
include_2023,all,logistic,0,0.6688096674480055,0.23796136492709866,0.5699215119764258,-4.3481710279429184e-05,1.002083421191129,0.0,0.0
include_2023,all,logistic,1,0.6484181985181264,0.22855356106180488,0.6342695437089522,4.175849767429525e-06,1.0012797543198335,0.0304891958390604,0.03953500547526245
include_2023,all,logistic,2,0.6446873777364805,0.22689954438221685,0.6428412709218484,9.397135015090858e-05,1.0002918115570254,0.03606749556053668,0.046485783724894536
include_2023,all,lightgbm,0,0.6675596587347994,0.23737425410534987,0.5725092802900242,-1.201141231409002e-05,0.997760937794451,0.0,0.0
include_2023,all,lightgbm,1,0.6460274249398126,0.2274804676839006,0.6392090236591746,9.55467196700685e-05,1.004955914480186,0.032255145309104005,0.04168011589436438
include_2023,all,lightgbm,2,0.6397818968183471,0.22467006566310008,0.6535639669090184,-2.140530050156e-05,1.029844015061416,0.04161090556175673,0.05351965608120035
include_2023,low,logistic,0,0.682772025650836,0.24484232453452923,0.5715262226901888,0.00032037931114605204,1.0051021567822527,0.0,0.0
include_2023,low,logistic,1,0.6818338551218388,0.24438427026813067,0.5788071015972545,1.6346299737030317e-05,1.0023926087721051,0.0013740611708613626,0.0018708132561204849
include_2023,low,logistic,2,0.6779167380437034,0.24240233946896533,0.5967991923441016,0.0003298201542854635,0.9877418814660139,0.007111140211850775,0.00996553626993435
include_2023,low,lightgbm,0,0.6815440612764362,0.24424056306381134,0.5755175844050299,0.0001648171427147409,0.9869305409528779,0.0,0.0
include_2023,low,lightgbm,1,0.6811259322882779,0.24403005150573184,0.5828777348986511,0.0004518810352148396,0.905036038916778,0.0006135025039689657,0.0008619025252758483
include_2023,low,lightgbm,2,0.6744434288765625,0.24078089147119874,0.6085816687973978,0.00029375892202959143,0.9627655761936946,0.010418449522654805,0.014165016446136769
include_2023,intermediate,logistic,0,0.6733230915504217,0.24018379167039705,0.5939559947452606,0.00011104152702120086,1.0038897113162204,0.0,0.0
include_2023,intermediate,logistic,1,0.6700788043678074,0.2386162101567122,0.605165217660227,8.363083166777253e-05,1.0051959917588305,0.004818321580422613,0.0065265915854806344
include_2023,intermediate,logistic,2,0.6666408655896133,0.23702045658569212,0.6142014934938966,3.6754760660402674e-05,1.0019553234633254,0.00992424891506627,0.013170476919799667
include_2023,intermediate,lightgbm,0,0.6724014356988108,0.2397543516209559,0.5946505986651767,-1.9110404679567768e-05,0.9970501750227782,0.0,0.0
include_2023,intermediate,lightgbm,1,0.6686049111631887,0.23792472993081767,0.6081135197050009,-0.00013437134588584112,0.9805673836833759,0.005646217176315971,0.007631234543891807
include_2023,intermediate,lightgbm,2,0.6627797920877395,0.23520358579144646,0.6241713506520304,0.00017614308743255417,1.0130944394959236,0.014309373984414231,0.018980951956626302
include_2023,high,logistic,0,0.6332206243540969,0.2208189542160349,0.5767657247416091,-0.0002574993190761349,1.0027467683195976,0.0,0.0
include_2023,high,logistic,1,0.6107137731881284,0.2108971866791538,0.6473273314010861,-9.876341894336565e-05,1.0002240241529203,0.03554345878883236,0.04493168429361494
include_2023,high,logistic,2,0.6059261425997233,0.2089526877505983,0.6580862392416091,0.00017894698659954352,0.9992616050826701,0.0431042210323056,0.05373753583592922
include_2023,high,lightgbm,0,0.632110196077982,0.2203301664946116,0.5775223300276037,-4.1631861427310866e-05,0.9945167465510848,0.0,0.0
include_2023,high,lightgbm,1,0.6083272111457974,0.2099154815914075,0.6515621727566294,4.097580079472042e-05,0.9937282225961389,0.03762474498868962,0.04726853825283528
include_2023,high,lightgbm,2,0.6013512421050352,0.20700444080866656,0.6672544472087456,-0.0001758597790297062,1.0190525595553281,0.048660746439141644,0.0604807135489136
include_2023,unknown,logistic,0,0.6703664142285972,0.23873083224699868,0.5969429344164674,8.685870861616877e-05,1.0286211199142747,0.0,0.0
include_2023,unknown,logistic,1,0.6662873780789673,0.23673492041918814,0.6118728385981576,0.0004316924438066338,1.0181626408180555,0.006084785966378847,0.008360511329954634
include_2023,unknown,logistic,2,0.6636936758782142,0.23555518400633452,0.6191187951136135,-6.60204598926413e-05,0.9888851867497722,0.00995386733099013,0.013302212415439163
include_2023,unknown,lightgbm,0,0.6695582621391885,0.2383609191472561,0.5977635009787137,0.0005878650249140239,0.9695469839685878,0.0,0.0
include_2023,unknown,lightgbm,1,0.6658266673196549,0.2364927016308646,0.612074705743521,0.0002927053505492644,0.8761182949468966,0.005573218987114603,0.007837767714082955
include_2023,unknown,lightgbm,2,0.6579935312823241,0.23277596946129223,0.6352043062525999,0.0008278123337468364,0.8858668833123854,0.017272180048851782,0.023430643353550606
include_zero_days,all,logistic,0,0.6629559664153672,0.235097559875509,0.557454298273314,-1.0720422650327584e-05,1.0005674020051187,0.0,0.0
include_zero_days,all,logistic,1,0.6420618423873953,0.22562588203735975,0.6297818527744706,-9.740959471017674e-05,1.0012097722376414,0.03151660907578435,0.04028828645930982
include_zero_days,all,logistic,2,0.6380391035200916,0.22385847499601227,0.6396219966752654,-1.7609204428544866e-07,1.0008425959460507,0.037584491516084007,0.04780604650021958
include_zero_days,all,lightgbm,0,0.6618737606015587,0.2345926483272457,0.5602392593257274,5.3290464778060764e-06,0.9963958861050943,0.0,0.0
include_zero_days,all,lightgbm,1,0.6396546193176372,0.22455795014054092,0.6351536215454177,9.474062517792338e-05,1.0054934276021816,0.03357005913594013,0.042774990001847146
include_zero_days,all,lightgbm,2,0.6332564353925529,0.22171065814105873,0.6505652763436067,9.20123447033564e-06,1.028450465101923,0.04323683293170022,0.05491216488684336
include_zero_days,low,logistic,0,0.6834044528763888,0.24514563478436677,0.5652228844891878,0.00027731354154885476,1.0081480469425932,0.0,0.0
include_zero_days,low,logistic,1,0.682303359172576,0.2446085282718577,0.5731997488458732,-5.131695083092011e-06,1.0000828443410197,0.0016111889514012212,0.002190969106920959
include_zero_days,low,logistic,2,0.6780073556417313,0.24252978797529473,0.5923123310080147,0.00018110756894750132,0.992048867213666,0.007897369137619181,0.01067058286137934
include_zero_days,low,lightgbm,0,0.6821487085353264,0.24453042290845672,0.5702750628434361,2.980612998567788e-05,0.9924194696566708,0.0,0.0
include_zero_days,low,lightgbm,1,0.6819701550060495,0.24443347333103446,0.5762617607553961,-0.00033840690668738844,0.8811153871070649,0.00026175161961417004,0.0003964724563476629
include_zero_days,low,lightgbm,2,0.6748547250853763,0.24097611154964024,0.6045607273953533,0.00011487210419719646,0.9531336112091712,0.010692658886082729,0.01453525216429652
include_zero_days,intermediate,logistic,0,0.6713304714882388,0.23921753294023645,0.5806429359444276,1.989148446395481e-05,1.003440110764431,0.0,0.0
include_zero_days,intermediate,logistic,1,0.6680038876622868,0.23761785106218175,0.5936942505608276,-0.00013516378631678945,1.0044644968000844,0.004955210536738197,0.006687143113604299
include_zero_days,intermediate,logistic,2,0.6643290655443931,0.23592042231616275,0.6045259401771298,0.00011154819991383022,0.9998247239211215,0.010429149638217061,0.01378289702911295
include_zero_days,intermediate,lightgbm,0,0.670570337023384,0.2388642828701316,0.5812906234405116,0.00012189668905330207,0.9941407829637426,0.0,0.0
include_zero_days,intermediate,lightgbm,1,0.6668954383189717,0.2371002294959369,0.5962507269389652,-6.420866856635208e-05,0.9643509710707316,0.00548025837337951,0.007385170160219334
include_zero_days,intermediate,lightgbm,2,0.6607508174558652,0.2342473455714548,0.6149874673032799,8.935922834155032e-05,1.0066228022100248,0.01464353405655694,0.01932870516764107
include_zero_days,high,logistic,0,0.6213493418208267,0.2151287639415902,0.5633087364195707,-0.0001782174562226309,1.003296761312526,0.0,0.0
include_zero_days,high,logistic,1,0.598483190230928,0.20533171163054728,0.6436356436947896,-0.00017527190237880607,1.001885295878529,0.03680079795834468,0.04554041092200445
include_zero_days,high,logistic,2,0.5933041714483626,0.20325492959987096,0.6557283596194878,8.794528556985799e-05,1.0002438092348351,0.04513591386494342,0.05519408062486297
include_zero_days,high,lightgbm,0,0.6203646062419761,0.21469918991207268,0.5645688240490948,-2.293748798939607e-05,0.992743786695672,0.0,0.0
include_zero_days,high,lightgbm,1,0.5960427781889269,0.20434376912209454,0.6484436207330813,8.860560999456773e-05,0.9929467752486115,0.039205699049120635,0.048232230378787544
include_zero_days,high,lightgbm,2,0.5889403472261092,0.2014235601045584,0.6648845690376917,3.4639209725705056e-05,1.0216168784875723,0.05065450011119699,0.061833627844386174
include_zero_days,unknown,logistic,0,0.6544585825314458,0.23101365479906918,0.5769424816797504,-7.029521339030256e-05,1.0199052302692813,0.0,0.0
include_zero_days,unknown,logistic,1,0.6425297717403975,0.22548844868238202,0.6211051866244506,-1.7547397586147734e-05,1.012845728679442,0.01822699114878701,0.023917227410184316
include_zero_days,unknown,logistic,2,0.6391002279803288,0.2239101593810084,0.6310835298525315,0.00035000414738011864,0.9895407298831883,0.023467267388733615,0.030749244776198448
include_zero_days,unknown,lightgbm,0,0.6537592100363038,0.23070504384548546,0.5789801437720045,-5.045909283341726e-07,0.9559143722059082,0.0,0.0
include_zero_days,unknown,lightgbm,1,0.6421448408128125,0.2251761274543675,0.6219679700103875,-0.0014741978009245819,0.879901342337823,0.017765515261874865,0.023965303484309364
include_zero_days,unknown,lightgbm,2,0.6335885289340012,0.22132383866264144,0.6452125255066653,-0.0020824997689927382,0.8908073858224964,0.030853379642915457,0.04066319932357909
strict_first_primary,all,logistic,0,0.6682584447379236,0.23769048138492754,0.5593611835239556,-1.2839764097740867e-05,0.9998359242155123,0.0,0.0
strict_first_primary,all,logistic,1,0.6483137135303946,0.2285240510847307,0.6275122334766062,0.00011578582651205108,1.000554474360102,0.029845834893041934,0.03856456618198467
strict_first_primary,all,logistic,2,0.6442450772368465,0.2267188911367714,0.6373570423344989,-1.7104152725337467e-05,0.9995272527386112,0.035934252219580354,0.046159148587815
strict_first_primary,all,lightgbm,0,0.6671768518925396,0.23718149952826265,0.5618231096641508,4.84845603512552e-06,0.99396475463504,0.0,0.0
strict_first_primary,all,lightgbm,1,0.6461371610679822,0.22753347898004184,0.6326016207326691,-2.1003635664248657e-05,1.0024156755726783,0.03153540289186496,0.04067779555913953
strict_first_primary,all,lightgbm,2,0.639585174432779,0.22459624660443436,0.6480716323101785,4.211286481836928e-05,1.0288017130583924,0.04135586746076847,0.053061697260787466
strict_first_primary,low,logistic,0,0.6838088545214396,0.2453516466975119,0.5683102483370538,3.701413624364151e-05,1.0081810895021333,0.0,0.0
strict_first_primary,low,logistic,1,0.6829193291285893,0.24491985372015923,0.57453411015008,-9.648991244915178e-05,1.0036521294756264,0.0013008392432601878,0.0017598943523089439
strict_first_primary,low,logistic,2,0.6786256048796862,0.24283108001583142,0.5935544954268952,-9.07200293157758e-05,0.9935234762884737,0.007579968594265907,0.01027328210594003
strict_first_primary,low,lightgbm,0,0.6825973059222743,0.24475768249967828,0.5720727187274077,0.000125459366481717,0.9853749572800878,0.0,0.0
strict_first_primary,low,lightgbm,1,0.6823384519565415,0.24462143557256388,0.5779731752339534,0.00012647770859927892,0.8803291559950419,0.0003792191435373349,0.0005566604721981561
strict_first_primary,low,lightgbm,2,0.675647476464156,0.2413603307242765,0.6049142030142718,6.425926910402302e-05,0.9438795224949259,0.010181448707489715,0.013880470433879966
strict_first_primary,intermediate,logistic,0,0.6740490500703423,0.2405479877726076,0.5819172964252367,-2.792868077668067e-06,1.0037878193119032,0.0,0.0
strict_first_primary,intermediate,logistic,1,0.6709333950458054,0.23904403302162233,0.593946088147207,-5.306284985176187e-05,1.004207110518621,0.004622297181802737,0.006252202585069977
strict_first_primary,intermediate,logistic,2,0.6672758406397231,0.23730694732596355,0.6046812634319552,-1.2171155697993617e-06,0.9980934239930752,0.010048540873861311,0.013473571226494063
strict_first_primary,intermediate,lightgbm,0,0.6732272147022024,0.24016425071962103,0.5827416425257076,-8.557109139477586e-06,0.9961139633283631,0.0,0.0
strict_first_primary,intermediate,lightgbm,1,0.6697527419701078,0.23848967589015171,0.5967286611330318,0.0003721140593601446,0.9642258507449832,0.0051609213891203876,0.006972623212870621
strict_first_primary,intermediate,lightgbm,2,0.6637079053093493,0.23566693093331123,0.6145058810447862,0.00019955296612002424,1.0064859604124403,0.014139816669567984,0.0187260167690827
strict_first_primary,high,logistic,0,0.63018715008051,0.21933353147911552,0.5649830204097135,-0.00018016488464666866,1.0053683725073208,0.0,0.0
strict_first_primary,high,logistic,1,0.6081036906225714,0.20968775057862654,0.641022251822731,-1.4482393740934945e-05,1.003293060707745,0.035042700339283805,0.043977684740864276
strict_first_primary,high,logistic,2,0.6027700015032645,0.20751346728274436,0.6534061464229263,5.06215900860133e-05,1.0015798606342687,0.04350635929936486,0.053890821511240916
strict_first_primary,high,lightgbm,0,0.6292002713209796,0.21889588603320217,0.5658951823526857,-1.2960539520328381e-05,0.995131953976587,0.0,0.0
strict_first_primary,high,lightgbm,1,0.6063063474487511,0.20893011557199553,0.6443721146973918,0.00018890120045097851,0.9858080552365074,0.036385750158949515,0.045527445224324725
strict_first_primary,high,lightgbm,2,0.5986280896014579,0.20571781680495457,0.6621360720889364,6.68989637195483e-05,1.0189208203775924,0.0485889519013345,0.06020245271420377
strict_first_primary,unknown,logistic,0,0.67147943216753,0.23928490589656362,0.5846959721804416,3.240948856972868e-05,1.0354288187435898,0.0,0.0
strict_first_primary,unknown,logistic,1,0.6670714136741114,0.2371277521657141,0.602415693629317,-3.261865534501772e-05,1.023469102463135,0.006564636654900369,0.00901500127125443
strict_first_primary,unknown,logistic,2,0.6643958996934884,0.2357993452491417,0.6115012797141307,-0.0006573362042308194,0.9743651964703359,0.010549142884653917,0.014566571319499122
strict_first_primary,unknown,lightgbm,0,0.6706880015366373,0.23892266339904372,0.5858480991409716,0.0003600463694029502,0.970206336657442,0.0,0.0
strict_first_primary,unknown,lightgbm,1,0.6671294466385999,0.23710960384977425,0.6025097637054129,-0.0003587001272742415,0.8371242900777355,0.0053058275828468116,0.007588478729794401
strict_first_primary,unknown,lightgbm,2,0.6577759881152251,0.23272428356619693,0.6303168920876419,-0.003162140431365682,0.8574194799724769,0.01925189267115124,0.025943038406927466
exclude_prostatectomy_nos,all,logistic,0,0.6667351613012032,0.23694372545085324,0.5583667550759731,-1.2927245990458289e-05,1.001179549215352,0.0,0.0
exclude_prostatectomy_nos,all,logistic,1,0.6466385605489963,0.22773522978035832,0.6277168294326563,-2.1592947101493605e-05,1.001406427476796,0.030141804300505726,0.03886364010261556
exclude_prostatectomy_nos,all,logistic,2,0.6425301747947034,0.2259140887183121,0.6377404185501019,-7.313639476098075e-05,1.0000041478759931,0.036303749841633204,0.046549604601489714
exclude_prostatectomy_nos,all,lightgbm,0,0.6656594823219333,0.23643800622821784,0.5607104222820593,-3.165878792606787e-06,0.9951245321986256,0.0,0.0
exclude_prostatectomy_nos,all,lightgbm,1,0.6444504407207521,0.22675539917227072,0.6325907162872816,-0.00011405826378130745,1.0041995010597102,0.03186169830736951,0.04095199080050249
exclude_prostatectomy_nos,all,lightgbm,2,0.6379277970799566,0.22382645522241204,0.6483729508716038,-3.4043836831393717e-05,1.028167782979474,0.04166046751898411,0.053339779027034684
exclude_prostatectomy_nos,low,logistic,0,0.6839498280239951,0.2454198987171047,0.5656690969493148,4.917340034596516e-06,1.0064571638191084,0.0,0.0
exclude_prostatectomy_nos,low,logistic,1,0.6829521561090492,0.24493397623869198,0.573033756576095,-0.00018282939007767613,1.0019629696678216,0.0014586916672355565,0.001979963649862193
exclude_prostatectomy_nos,low,logistic,2,0.6787870086779871,0.24287852959371536,0.5920609196357728,-8.99942546048328e-05,0.9871196451134946,0.007548535191424621,0.010355187727946968
exclude_prostatectomy_nos,low,lightgbm,0,0.6827843257357609,0.24484791313017218,0.5699541864435637,-6.411055298544957e-05,0.984976160022313,0.0,0.0
exclude_prostatectomy_nos,low,lightgbm,1,0.6826311147544744,0.24476711994606,0.5758743581360886,-6.458909970270951e-05,0.8773172120875707,0.00022439147401542847,0.0003299729333172685
exclude_prostatectomy_nos,low,lightgbm,2,0.675621202404509,0.24135734292661642,0.6038299712648959,-0.00011916640743320217,0.9460901579863574,0.01049104828751457,0.014256074960704357
exclude_prostatectomy_nos,intermediate,logistic,0,0.6729880637607396,0.24002796736325094,0.5806354507091446,-6.241518901083272e-06,1.000244556179958,0.0,0.0
exclude_prostatectomy_nos,intermediate,logistic,1,0.6697019085989457,0.23844124280157017,0.5937311156952406,-0.00013843504722588608,1.002419446750259,0.004882932311504051,0.006610582004718979
exclude_prostatectomy_nos,intermediate,logistic,2,0.6660649500687507,0.2366802844837132,0.6049166498964195,1.6616364783432307e-05,0.9934890045817116,0.010287127015747854,0.013947053405120369
exclude_prostatectomy_nos,intermediate,lightgbm,0,0.6722086973657314,0.23966494002734678,0.5816035927763552,5.158572823438755e-05,0.9932309681557207,0.0,0.0
exclude_prostatectomy_nos,intermediate,lightgbm,1,0.668662046508296,0.23795163672515388,0.5961924864795364,0.000171326802390103,0.960927654267781,0.00527611569343589,0.0071487440006762215
exclude_prostatectomy_nos,intermediate,lightgbm,2,0.6623830236786955,0.23502466403327768,0.6149934674467324,-3.3073460482121834e-05,1.005318049662357,0.014616998746878718,0.01936151359285021
exclude_prostatectomy_nos,high,logistic,0,0.6273279256608821,0.21796631085561252,0.5637856605766547,-0.00016833503206334323,1.004773029041463,0.0,0.0
exclude_prostatectomy_nos,high,logistic,1,0.6052037926562752,0.20834669723973104,0.6413336543653826,2.203167900279826e-06,1.0020608193618599,0.03526725353617799,0.044133488235499896
exclude_prostatectomy_nos,high,logistic,2,0.5998305364223131,0.20615667823872852,0.6539005621772515,2.2992953797334515e-05,1.0005439573325647,0.04383256047401507,0.05418099967158252
exclude_prostatectomy_nos,high,lightgbm,0,0.6263178977993669,0.21751944054285888,0.5648808997512754,-3.4589678918085396e-05,0.9939755932730707,0.0,0.0
exclude_prostatectomy_nos,high,lightgbm,1,0.602969625485274,0.2074400412906747,0.6455142053874916,9.506895047126345e-05,0.9932842103782964,0.03727862862634046,0.04633792375996015
exclude_prostatectomy_nos,high,lightgbm,2,0.5955266686812843,0.20433856013311713,0.6629056180367798,0.00014820114692160665,1.0238434051628138,0.04916230116729969,0.06059633280062915
exclude_prostatectomy_nos,unknown,logistic,0,0.6698535429102775,0.2384819294788812,0.5846052113377844,0.00015843288360235623,1.0205858649145556,0.0,0.0
exclude_prostatectomy_nos,unknown,logistic,1,0.6655968626640206,0.23641064832809827,0.6016128169885138,-0.0001292261832188061,1.0242730951835726,0.006354643177317709,0.008685275044985508
exclude_prostatectomy_nos,unknown,logistic,2,0.6621274452237099,0.23482627072126833,0.611941563728268,-0.000606424055203213,1.000206931156857,0.011534010334558253,0.01532887110399106
exclude_prostatectomy_nos,unknown,lightgbm,0,0.6688924896921773,0.23804159640843223,0.5861527874646731,0.00022106331083152162,0.9581957582726509,0.0,0.0
exclude_prostatectomy_nos,unknown,lightgbm,1,0.6661735599921497,0.2366334869331038,0.5992189051416829,-0.00016019531169052942,0.8270550720669894,0.004064823184483424,0.005915392505234207
exclude_prostatectomy_nos,unknown,lightgbm,2,0.6570028989765625,0.2322776724936004,0.6284208930288258,-0.00029426652153043305,0.862884083413575,0.017775039933676573,0.024213935722990465
logistic_wide_c_grid,all,logistic,0,0.6667709147264473,0.23696119695469955,0.558216740056452,-1.3331064102885216e-05,1.00120317363068,0.0,0.0
logistic_wide_c_grid,all,logistic,1,0.6466712470138519,0.22775085993893524,0.6276957909684646,-2.309855476488056e-05,1.0015305448168237,0.030144787765437497,0.03886854528982264
logistic_wide_c_grid,all,logistic,2,0.6425594812444203,0.22592838922227546,0.6377368680816023,-1.2062367587301276e-05,1.0001089043278402,0.03631147212226571,0.04655955436675685
logistic_wide_c_grid,low,logistic,0,0.6839730665238068,0.24543119327218815,0.5655379331581664,1.351075638799824e-05,1.0053866723086533,0.0,0.0
logistic_wide_c_grid,low,logistic,1,0.6830269436994036,0.24497070641554453,0.5728131595342567,-0.00011791789580387741,0.9979394685874399,0.0013832749719396853,0.0018762360664275057
logistic_wide_c_grid,low,logistic,2,0.6787883339418136,0.24291086652917687,0.5919998876717687,2.9053197049473114e-05,0.9878051013825391,0.007580316880522631,0.0102689748169712
logistic_wide_c_grid,intermediate,logistic,0,0.6729732103789737,0.24002053343187743,0.581056134097084,2.2801307972623343e-05,1.0034668341251127,0.0,0.0
logistic_wide_c_grid,intermediate,logistic,1,0.6696679800215917,0.23842594835370912,0.5939025603068355,-0.00013123937350856068,1.0057196305840381,0.004911384742225855,0.006643536098218439
logistic_wide_c_grid,intermediate,logistic,2,0.6658733005367542,0.2366632802257649,0.6050324805027265,-1.5940709236020702e-05,1.001399225778252,0.010550063112053643,0.013987358323513499
logistic_wide_c_grid,high,logistic,0,0.6273702994227887,0.21798611133689008,0.5637967936006945,-0.00016235341944808006,1.0036333016824948,0.0,0.0
logistic_wide_c_grid,high,logistic,1,0.6052277331876474,0.20836264447065353,0.6412782160643221,-0.000165949208532959,1.0023711603667262,0.035294253259220976,0.04414715601474173
logistic_wide_c_grid,high,logistic,2,0.5998369859609534,0.20616756420720525,0.6538655925438822,0.00011238285635120897,1.0011734566495896,0.04388686153483401,0.054216973077792385
logistic_wide_c_grid,unknown,logistic,0,0.6700265318219706,0.2385720449145833,0.5837428131959604,-7.17941009348794e-05,1.01947939860302,0.0,0.0
logistic_wide_c_grid,unknown,logistic,1,0.6656699445993234,0.23644730514084467,0.6013132951531547,-2.7792164376642947e-05,1.0215766561446864,0.006502111507137753,0.008906071851374597
logistic_wide_c_grid,unknown,logistic,2,0.6628865212025415,0.23516842290281378,0.6101326231307025,8.517044695117819e-05,0.9820590718476355,0.010656310280748982,0.014266642233745963
