scenario,stratum,model,comparison,estimate,lower,upper,n_resamples,level,metric
threshold_60,all,logistic,clinical need (step 0 to 1),0.0440196276532141,0.03973983157691525,0.048793828685430765,500,0.95,log-loss skill
threshold_60,all,logistic,social position (step 1 to 2),0.005402581284936536,0.0030748264948743114,0.007888680515001713,500,0.95,log-loss skill
threshold_60,all,lightgbm,clinical need (step 0 to 1),0.04659173334291189,0.042021456859359846,0.051686179659789416,500,0.95,log-loss skill
threshold_60,all,lightgbm,social position (step 1 to 2),0.009430032829260138,0.007279894190494152,0.011783861055324701,500,0.95,log-loss skill
threshold_60,low,logistic,clinical need (step 0 to 1),0.0028218346207739,0.0017380021778994894,0.0037919559188913923,500,0.95,log-loss skill
threshold_60,low,logistic,social position (step 1 to 2),0.008239285699334409,0.0037807079600161286,0.012660405473861052,500,0.95,log-loss skill
threshold_60,low,lightgbm,clinical need (step 0 to 1),0.002093395183732083,0.00016024281487567757,0.0037308805148131893,500,0.95,log-loss skill
threshold_60,low,lightgbm,social position (step 1 to 2),0.012221477405339298,0.008596561377632452,0.016686334889561612,500,0.95,log-loss skill
threshold_60,intermediate,logistic,clinical need (step 0 to 1),0.009056037862210986,0.007443980146998344,0.01090011698189677,500,0.95,log-loss skill
threshold_60,intermediate,logistic,social position (step 1 to 2),0.005295408099352805,0.0028043880612734135,0.008161390846883292,500,0.95,log-loss skill
threshold_60,intermediate,lightgbm,clinical need (step 0 to 1),0.009974592392244186,0.00791997143675471,0.012176041726043014,500,0.95,log-loss skill
threshold_60,intermediate,lightgbm,social position (step 1 to 2),0.00880585804013867,0.006609757267110015,0.011635891566480365,500,0.95,log-loss skill
threshold_60,high,logistic,clinical need (step 0 to 1),0.05644832068576422,0.051055249213202404,0.06170214584041485,500,0.95,log-loss skill
threshold_60,high,logistic,social position (step 1 to 2),0.006132890810023439,0.003923108832412339,0.008558313022216515,500,0.95,log-loss skill
threshold_60,high,lightgbm,clinical need (step 0 to 1),0.05906429640652877,0.05322331457285268,0.06475485589415697,500,0.95,log-loss skill
threshold_60,high,lightgbm,social position (step 1 to 2),0.009633921335364892,0.007498506619894219,0.012103090886728505,500,0.95,log-loss skill
threshold_60,unknown,logistic,clinical need (step 0 to 1),0.01343967499790355,0.00844656158894739,0.01747339984995559,500,0.95,log-loss skill
threshold_60,unknown,logistic,social position (step 1 to 2),0.004105216581401505,0.0005866346045567211,0.008568373775252457,500,0.95,log-loss skill
threshold_60,unknown,lightgbm,clinical need (step 0 to 1),0.014824844948230331,0.008968560221983377,0.01955269852108435,500,0.95,log-loss skill
threshold_60,unknown,lightgbm,social position (step 1 to 2),0.015622658042999671,0.009036562440108632,0.02361216470847411,500,0.95,log-loss skill
threshold_120,all,logistic,clinical need (step 0 to 1),0.03047171860751341,0.02743629094250792,0.033714622037696554,500,0.95,log-loss skill
threshold_120,all,logistic,social position (step 1 to 2),0.006785768885104848,0.0045150563875524675,0.009266788105933517,500,0.95,log-loss skill
threshold_120,all,lightgbm,clinical need (step 0 to 1),0.03177331672909356,0.02877620163614262,0.03502301646005649,500,0.95,log-loss skill
threshold_120,all,lightgbm,social position (step 1 to 2),0.010551521076248349,0.007858374183788812,0.013759490083386035,500,0.95,log-loss skill
threshold_120,low,logistic,clinical need (step 0 to 1),0.0007853355103508708,0.00032225091737687347,0.001234913917855923,500,0.95,log-loss skill
threshold_120,low,logistic,social position (step 1 to 2),0.005951541508435243,0.0030922978541101853,0.00900975908596483,500,0.95,log-loss skill
threshold_120,low,lightgbm,clinical need (step 0 to 1),-0.0008435572282083914,-0.0017314191640226237,-0.0001565306880877086,500,0.95,log-loss skill
threshold_120,low,lightgbm,social position (step 1 to 2),0.009672159423769311,0.0068767034590514675,0.012346618544583772,500,0.95,log-loss skill
threshold_120,intermediate,logistic,clinical need (step 0 to 1),0.005170229869724929,0.004494566035361508,0.0058180411142573964,500,0.95,log-loss skill
threshold_120,intermediate,logistic,social position (step 1 to 2),0.0058470516020279195,0.0036891968076529034,0.008179987756606088,500,0.95,log-loss skill
threshold_120,intermediate,lightgbm,clinical need (step 0 to 1),0.005573458269481524,0.004666570453503377,0.006455914455307129,500,0.95,log-loss skill
threshold_120,intermediate,lightgbm,social position (step 1 to 2),0.00898043217700506,0.0058197271396657575,0.012489633425076007,500,0.95,log-loss skill
threshold_120,high,logistic,clinical need (step 0 to 1),0.03344893242813729,0.030725529163130216,0.036097921073441425,500,0.95,log-loss skill
threshold_120,high,logistic,social position (step 1 to 2),0.010221682604676374,0.007536252445466349,0.013303805606692072,500,0.95,log-loss skill
threshold_120,high,lightgbm,clinical need (step 0 to 1),0.03462769543093358,0.031578347782242715,0.0375633852337131,500,0.95,log-loss skill
threshold_120,high,lightgbm,social position (step 1 to 2),0.013863243217395405,0.01104683487218405,0.017666872040229178,500,0.95,log-loss skill
threshold_120,unknown,logistic,clinical need (step 0 to 1),0.007834596499337154,0.004751006720436655,0.010988305230990574,500,0.95,log-loss skill
threshold_120,unknown,logistic,social position (step 1 to 2),0.005174238667678188,0.0010143573964056108,0.010034477263406463,500,0.95,log-loss skill
threshold_120,unknown,lightgbm,clinical need (step 0 to 1),0.005431749314578238,0.0024067625157144362,0.009047482418236934,500,0.95,log-loss skill
threshold_120,unknown,lightgbm,social position (step 1 to 2),0.014681110151714916,0.007138546719031575,0.024027871306199954,500,0.95,log-loss skill
threshold_180,all,logistic,clinical need (step 0 to 1),0.03576009015818382,0.0327353998093012,0.03896993641729241,500,0.95,log-loss skill
threshold_180,all,logistic,social position (step 1 to 2),0.006569475920752743,0.004060620274808202,0.009157646227110577,500,0.95,log-loss skill
threshold_180,all,lightgbm,clinical need (step 0 to 1),0.03711249173464326,0.03394120067470294,0.040426218744456524,500,0.95,log-loss skill
threshold_180,all,lightgbm,social position (step 1 to 2),0.010014595097207368,0.006861236678601323,0.013482229443431843,500,0.95,log-loss skill
threshold_180,low,logistic,clinical need (step 0 to 1),0.0006536413124439422,0.0001594981093374364,0.001143368100589434,500,0.95,log-loss skill
threshold_180,low,logistic,social position (step 1 to 2),0.00564059217598234,0.003246839480509376,0.008180719985059554,500,0.95,log-loss skill
threshold_180,low,lightgbm,clinical need (step 0 to 1),-0.0022610690510194154,-0.00351199151125694,-0.0011019736533988194,500,0.95,log-loss skill
threshold_180,low,lightgbm,social position (step 1 to 2),0.008364467434625267,0.005635642908753916,0.011026882199358504,500,0.95,log-loss skill
threshold_180,intermediate,logistic,clinical need (step 0 to 1),0.007186427505476156,0.005980494633610123,0.008571811613839549,500,0.95,log-loss skill
threshold_180,intermediate,logistic,social position (step 1 to 2),0.005805343974857102,0.0033382923925938395,0.008331310021013923,500,0.95,log-loss skill
threshold_180,intermediate,lightgbm,clinical need (step 0 to 1),0.006020311606577455,0.0048632633045297665,0.007342752332036048,500,0.95,log-loss skill
threshold_180,intermediate,lightgbm,social position (step 1 to 2),0.009341225198636227,0.005969197646541899,0.013292133678763458,500,0.95,log-loss skill
threshold_180,high,logistic,clinical need (step 0 to 1),0.03792902347274907,0.03381387484655795,0.0418665522817634,500,0.95,log-loss skill
threshold_180,high,logistic,social position (step 1 to 2),0.009558954230977412,0.006427390336875883,0.013067814670544964,500,0.95,log-loss skill
threshold_180,high,lightgbm,clinical need (step 0 to 1),0.036899668988503276,0.03279496262457617,0.041153798684639455,500,0.95,log-loss skill
threshold_180,high,lightgbm,social position (step 1 to 2),0.013950650105929219,0.010490532351727509,0.018107107503374992,500,0.95,log-loss skill
threshold_180,unknown,logistic,clinical need (step 0 to 1),0.013337193952645321,0.009091475234439272,0.01789204554258747,500,0.95,log-loss skill
threshold_180,unknown,logistic,social position (step 1 to 2),0.005839462804040685,4.260489254677756e-05,0.011895352940525331,500,0.95,log-loss skill
threshold_180,unknown,lightgbm,clinical need (step 0 to 1),0.012660064533675741,0.005297784896100108,0.021291918989197925,500,0.95,log-loss skill
threshold_180,unknown,lightgbm,social position (step 1 to 2),0.013277735889522968,0.001392802371897043,0.028457640733200503,500,0.95,log-loss skill
risk_grade_psa_only,all,logistic,clinical need (step 0 to 1),0.030144787765437497,0.026899379977267466,0.03375232523139575,500,0.95,log-loss skill
risk_grade_psa_only,all,logistic,social position (step 1 to 2),0.0061666843568282115,0.003919481779430837,0.008674070158965102,500,0.95,log-loss skill
risk_grade_psa_only,all,lightgbm,clinical need (step 0 to 1),0.03179046835072241,0.02849865960453649,0.035386295026645115,500,0.95,log-loss skill
risk_grade_psa_only,all,lightgbm,social position (step 1 to 2),0.009920618052020047,0.007292159536478174,0.013002235826174362,500,0.95,log-loss skill
risk_grade_psa_only,low,logistic,clinical need (step 0 to 1),0.001170005904413185,0.0005009636365307851,0.0019567563747024813,500,0.95,log-loss skill
risk_grade_psa_only,low,logistic,social position (step 1 to 2),0.006663532387473525,0.0034471053632746775,0.010087977748360498,500,0.95,log-loss skill
risk_grade_psa_only,low,lightgbm,clinical need (step 0 to 1),0.0008624057097311733,-0.00011078714291549714,0.0018138719019381382,500,0.95,log-loss skill
risk_grade_psa_only,low,lightgbm,social position (step 1 to 2),0.010192170495236574,0.0071398354519600585,0.013196565710465135,500,0.95,log-loss skill
risk_grade_psa_only,intermediate,logistic,clinical need (step 0 to 1),0.004356362184982032,0.0036828849080644183,0.005003776896017148,500,0.95,log-loss skill
risk_grade_psa_only,intermediate,logistic,social position (step 1 to 2),0.005831911566108294,0.0037661585623048033,0.00815544772869687,500,0.95,log-loss skill
risk_grade_psa_only,intermediate,lightgbm,clinical need (step 0 to 1),0.005026482734235227,0.004008586035757336,0.0059753817722600095,500,0.95,log-loss skill
risk_grade_psa_only,intermediate,lightgbm,social position (step 1 to 2),0.009191170178358243,0.006685417932604612,0.012276226136103166,500,0.95,log-loss skill
risk_grade_psa_only,high,logistic,clinical need (step 0 to 1),0.023589342637489907,0.021515046928186902,0.02525586886347822,500,0.95,log-loss skill
risk_grade_psa_only,high,logistic,social position (step 1 to 2),0.009409072470191071,0.0065357351911746854,0.012788974025786787,500,0.95,log-loss skill
risk_grade_psa_only,high,lightgbm,clinical need (step 0 to 1),0.024908572699839038,0.022378827862935928,0.026818920222403834,500,0.95,log-loss skill
risk_grade_psa_only,high,lightgbm,social position (step 1 to 2),0.013434136089221171,0.010047843216187883,0.01776037882474188,500,0.95,log-loss skill
risk_grade_psa_only,unknown,logistic,clinical need (step 0 to 1),0.008778293152292838,0.0063454318543649454,0.011315230365163267,500,0.95,log-loss skill
risk_grade_psa_only,unknown,logistic,social position (step 1 to 2),0.005100742104138245,0.0016462866620437278,0.00865093197396217,500,0.95,log-loss skill
risk_grade_psa_only,unknown,lightgbm,clinical need (step 0 to 1),0.006971745479941838,0.004137911283240192,0.009839008948735253,500,0.95,log-loss skill
risk_grade_psa_only,unknown,lightgbm,social position (step 1 to 2),0.012102329481750163,0.005884768556186083,0.01924646546515858,500,0.95,log-loss skill
surgery_only,all,logistic,clinical need (step 0 to 1),0.01657648278762358,0.014859263384731761,0.018128858308778584,500,0.95,log-loss skill
surgery_only,all,logistic,social position (step 1 to 2),0.006639609240269961,0.004755634204713496,0.00875041293959195,500,0.95,log-loss skill
surgery_only,all,lightgbm,clinical need (step 0 to 1),0.016554437266795508,0.014920513518417139,0.018088339823629205,500,0.95,log-loss skill
surgery_only,all,lightgbm,social position (step 1 to 2),0.010010298295819564,0.007908098812197074,0.01261903319126837,500,0.95,log-loss skill
surgery_only,low,logistic,clinical need (step 0 to 1),0.0005431119470893364,-9.885253361331388e-05,0.0012327607378894653,500,0.95,log-loss skill
surgery_only,low,logistic,social position (step 1 to 2),0.007075648977728832,0.004675743552025641,0.010699898792022282,500,0.95,log-loss skill
surgery_only,low,lightgbm,clinical need (step 0 to 1),-0.0015087191022995494,-0.0028156750685293325,-0.0001946207194737599,500,0.95,log-loss skill
surgery_only,low,lightgbm,social position (step 1 to 2),0.008765491979235707,0.005985787787282709,0.011935824476551329,500,0.95,log-loss skill
surgery_only,intermediate,logistic,clinical need (step 0 to 1),0.003260973435534109,0.002132525843863814,0.004417547372401423,500,0.95,log-loss skill
surgery_only,intermediate,logistic,social position (step 1 to 2),0.005897397190860354,0.003700553575301799,0.008293715646294253,500,0.95,log-loss skill
surgery_only,intermediate,lightgbm,clinical need (step 0 to 1),0.0005504059028516028,-0.0006196944023681372,0.001747166735989002,500,0.95,log-loss skill
surgery_only,intermediate,lightgbm,social position (step 1 to 2),0.009016479066430882,0.006545510964106464,0.011953787417223704,500,0.95,log-loss skill
surgery_only,high,logistic,clinical need (step 0 to 1),0.02204846182851894,0.019582451499661348,0.02416758204725441,500,0.95,log-loss skill
surgery_only,high,logistic,social position (step 1 to 2),0.007676857382912128,0.005553014833687371,0.009932206836072398,500,0.95,log-loss skill
surgery_only,high,lightgbm,clinical need (step 0 to 1),0.02127375566325329,0.018834985062728564,0.023220687984288148,500,0.95,log-loss skill
surgery_only,high,lightgbm,social position (step 1 to 2),0.01072780794219752,0.00851390968693511,0.013578179194502845,500,0.95,log-loss skill
surgery_only,unknown,logistic,clinical need (step 0 to 1),0.009065100419995531,0.005671669772826913,0.012464516736453464,500,0.95,log-loss skill
surgery_only,unknown,logistic,social position (step 1 to 2),0.006248010359606093,0.0018787616848857107,0.010086482600472674,500,0.95,log-loss skill
surgery_only,unknown,lightgbm,clinical need (step 0 to 1),0.0061967082569793774,0.0012304353927486726,0.011553681344348752,500,0.95,log-loss skill
surgery_only,unknown,lightgbm,social position (step 1 to 2),0.0074243551906455485,-0.001303822613939722,0.0142246233968493,500,0.95,log-loss skill
exclude_2020,all,logistic,clinical need (step 0 to 1),0.02918385665634582,0.02602815299232985,0.03278496358774741,500,0.95,log-loss skill
exclude_2020,all,logistic,social position (step 1 to 2),0.006411769010648216,0.00400093362755438,0.009084134888630429,500,0.95,log-loss skill
exclude_2020,all,lightgbm,clinical need (step 0 to 1),0.030815746394413868,0.02763035329749561,0.03421927004945532,500,0.95,log-loss skill
exclude_2020,all,lightgbm,social position (step 1 to 2),0.010275104623461706,0.007508935701462047,0.013490274667368051,500,0.95,log-loss skill
exclude_2020,low,logistic,clinical need (step 0 to 1),0.001414384754852116,0.0008227523475418195,0.002032156482918043,500,0.95,log-loss skill
exclude_2020,low,logistic,social position (step 1 to 2),0.005870924542716094,0.002771605455326326,0.009676320691487092,500,0.95,log-loss skill
exclude_2020,low,lightgbm,clinical need (step 0 to 1),0.0007587127024079043,-0.0001424543571196368,0.00180063657237012,500,0.95,log-loss skill
exclude_2020,low,lightgbm,social position (step 1 to 2),0.009521350325304656,0.006739882311372726,0.012662640595755089,500,0.95,log-loss skill
exclude_2020,intermediate,logistic,clinical need (step 0 to 1),0.004721006379485138,0.003940310847602241,0.005425869367777869,500,0.95,log-loss skill
exclude_2020,intermediate,logistic,social position (step 1 to 2),0.0057632241269335305,0.0033385855305458683,0.008596793001442109,500,0.95,log-loss skill
exclude_2020,intermediate,lightgbm,clinical need (step 0 to 1),0.005337668647832916,0.004190767891592645,0.006398101397866514,500,0.95,log-loss skill
exclude_2020,intermediate,lightgbm,social position (step 1 to 2),0.009761670773524633,0.006644331103589946,0.013454323399719194,500,0.95,log-loss skill
exclude_2020,high,logistic,clinical need (step 0 to 1),0.03500088016878555,0.03123762853363198,0.03845403951282012,500,0.95,log-loss skill
exclude_2020,high,logistic,social position (step 1 to 2),0.008934231664383452,0.006167214991839699,0.011997663666707238,500,0.95,log-loss skill
exclude_2020,high,lightgbm,clinical need (step 0 to 1),0.03717886160009087,0.03333649840561682,0.040653073184940595,500,0.95,log-loss skill
exclude_2020,high,lightgbm,social position (step 1 to 2),0.01203066855706536,0.009143164567948878,0.015838335024738002,500,0.95,log-loss skill
exclude_2020,unknown,logistic,clinical need (step 0 to 1),0.006073664256239564,0.003863245021682024,0.008511073522964718,500,0.95,log-loss skill
exclude_2020,unknown,logistic,social position (step 1 to 2),0.00428902716167745,0.0003197049855505813,0.008322246683266846,500,0.95,log-loss skill
exclude_2020,unknown,lightgbm,clinical need (step 0 to 1),0.003857358037627545,0.0012723965639191764,0.007173615730419977,500,0.95,log-loss skill
exclude_2020,unknown,lightgbm,social position (step 1 to 2),0.013312976418526024,0.006114159435472503,0.02206746883404975,500,0.95,log-loss skill
include_2023,all,logistic,clinical need (step 0 to 1),0.0304891958390604,0.027158796030434952,0.034197489520132136,500,0.95,log-loss skill
include_2023,all,logistic,social position (step 1 to 2),0.005578299721476276,0.0034811581588349077,0.007992210599633497,500,0.95,log-loss skill
include_2023,all,lightgbm,clinical need (step 0 to 1),0.032255145309104005,0.028879693554391468,0.035954285984862645,500,0.95,log-loss skill
include_2023,all,lightgbm,social position (step 1 to 2),0.009355760252652723,0.006907404018509806,0.012202208505648482,500,0.95,log-loss skill
include_2023,low,logistic,clinical need (step 0 to 1),0.0013740611708613626,0.0008263326853091337,0.001919080124744937,500,0.95,log-loss skill
include_2023,low,logistic,social position (step 1 to 2),0.005737079040989412,0.0026852813150237687,0.008927486765853145,500,0.95,log-loss skill
include_2023,low,lightgbm,clinical need (step 0 to 1),0.0006135025039689657,-0.0004925101898614169,0.0015158266327227191,500,0.95,log-loss skill
include_2023,low,lightgbm,social position (step 1 to 2),0.009804947018685839,0.007172738183186586,0.01279450900830395,500,0.95,log-loss skill
include_2023,intermediate,logistic,clinical need (step 0 to 1),0.004818321580422613,0.003997560851361451,0.005518927282620836,500,0.95,log-loss skill
include_2023,intermediate,logistic,social position (step 1 to 2),0.005105927334643656,0.0030980812869082753,0.007527788381700828,500,0.95,log-loss skill
include_2023,intermediate,lightgbm,clinical need (step 0 to 1),0.005646217176315971,0.004439896974905944,0.006683907959439591,500,0.95,log-loss skill
include_2023,intermediate,lightgbm,social position (step 1 to 2),0.00866315680809826,0.006116978811869639,0.011859677663479189,500,0.95,log-loss skill
include_2023,high,logistic,clinical need (step 0 to 1),0.03554345878883236,0.03186804050489285,0.03901685658777859,500,0.95,log-loss skill
include_2023,high,logistic,social position (step 1 to 2),0.00756076224347324,0.005052172256109858,0.010402870037861391,500,0.95,log-loss skill
include_2023,high,lightgbm,clinical need (step 0 to 1),0.03762474498868962,0.03389212694408937,0.04111473801556345,500,0.95,log-loss skill
include_2023,high,lightgbm,social position (step 1 to 2),0.011036001450452027,0.008575917270862756,0.014563444292463508,500,0.95,log-loss skill
include_2023,unknown,logistic,clinical need (step 0 to 1),0.006084785966378847,0.00369981904542463,0.008394250846033258,500,0.95,log-loss skill
include_2023,unknown,logistic,social position (step 1 to 2),0.003869081364611282,0.0008033498308890681,0.007519388807650823,500,0.95,log-loss skill
include_2023,unknown,lightgbm,clinical need (step 0 to 1),0.005573218987114603,0.0020244445441175295,0.009324368383906876,500,0.95,log-loss skill
include_2023,unknown,lightgbm,social position (step 1 to 2),0.011698961061737179,0.005420380687000556,0.01949433096345723,500,0.95,log-loss skill
include_zero_days,all,logistic,clinical need (step 0 to 1),0.03151660907578435,0.02823892305822861,0.03508110002753725,500,0.95,log-loss skill
include_zero_days,all,logistic,social position (step 1 to 2),0.0060678824402996545,0.0038045172369107513,0.00861279985532004,500,0.95,log-loss skill
include_zero_days,all,lightgbm,clinical need (step 0 to 1),0.03357005913594013,0.030302373913580077,0.037292328445133326,500,0.95,log-loss skill
include_zero_days,all,lightgbm,social position (step 1 to 2),0.009666773795760086,0.00703561646826067,0.012724725077186071,500,0.95,log-loss skill
include_zero_days,low,logistic,clinical need (step 0 to 1),0.0016111889514012212,0.0009972228117567567,0.0022792413205321186,500,0.95,log-loss skill
include_zero_days,low,logistic,social position (step 1 to 2),0.00628618018621796,0.00321815417026925,0.00953750020029194,500,0.95,log-loss skill
include_zero_days,low,lightgbm,clinical need (step 0 to 1),0.00026175161961417004,-0.0007787329498758486,0.001221329588882724,500,0.95,log-loss skill
include_zero_days,low,lightgbm,social position (step 1 to 2),0.010430907266468559,0.007685540679825367,0.01347192768597117,500,0.95,log-loss skill
include_zero_days,intermediate,logistic,clinical need (step 0 to 1),0.004955210536738197,0.004168180906272381,0.005690499030010987,500,0.95,log-loss skill
include_zero_days,intermediate,logistic,social position (step 1 to 2),0.005473939101478864,0.0032721029710276756,0.008132703065174057,500,0.95,log-loss skill
include_zero_days,intermediate,lightgbm,clinical need (step 0 to 1),0.00548025837337951,0.004364868804339306,0.006538926301381753,500,0.95,log-loss skill
include_zero_days,intermediate,lightgbm,social position (step 1 to 2),0.00916327568317743,0.006262901663838809,0.012615292349366097,500,0.95,log-loss skill
include_zero_days,high,logistic,clinical need (step 0 to 1),0.03680079795834468,0.03302738174848886,0.04026988046238625,500,0.95,log-loss skill
include_zero_days,high,logistic,social position (step 1 to 2),0.008335115906598745,0.005726486611695308,0.011203445436572384,500,0.95,log-loss skill
include_zero_days,high,lightgbm,clinical need (step 0 to 1),0.039205699049120635,0.03524966746285212,0.042755025630939886,500,0.95,log-loss skill
include_zero_days,high,lightgbm,social position (step 1 to 2),0.011448801062076353,0.008724271869053469,0.015029757643261556,500,0.95,log-loss skill
include_zero_days,unknown,logistic,clinical need (step 0 to 1),0.01822699114878701,0.013768038923615337,0.021395833501651446,500,0.95,log-loss skill
include_zero_days,unknown,logistic,social position (step 1 to 2),0.005240276239946606,0.0015635371021145096,0.009064796964352941,500,0.95,log-loss skill
include_zero_days,unknown,lightgbm,clinical need (step 0 to 1),0.017765515261874865,0.014430201551251076,0.020881438614708214,500,0.95,log-loss skill
include_zero_days,unknown,lightgbm,social position (step 1 to 2),0.013087864381040593,0.006459181274243021,0.021586178774555792,500,0.95,log-loss skill
strict_first_primary,all,logistic,clinical need (step 0 to 1),0.029845834893041934,0.026518601506574594,0.033457192976375234,500,0.95,log-loss skill
strict_first_primary,all,logistic,social position (step 1 to 2),0.00608841732653842,0.003849082602836196,0.008499083230157084,500,0.95,log-loss skill
strict_first_primary,all,lightgbm,clinical need (step 0 to 1),0.03153540289186496,0.028157894958909864,0.0350839771042056,500,0.95,log-loss skill
strict_first_primary,all,lightgbm,social position (step 1 to 2),0.009820464568903509,0.007264302740640521,0.012720401656115229,500,0.95,log-loss skill
strict_first_primary,low,logistic,clinical need (step 0 to 1),0.0013008392432601878,0.0006251791628557463,0.0020087539215072558,500,0.95,log-loss skill
strict_first_primary,low,logistic,social position (step 1 to 2),0.006279129351005719,0.003294484395813647,0.009478820545936135,500,0.95,log-loss skill
strict_first_primary,low,lightgbm,clinical need (step 0 to 1),0.0003792191435373349,-0.0007874466248402989,0.0015170901627425816,500,0.95,log-loss skill
strict_first_primary,low,lightgbm,social position (step 1 to 2),0.00980222956395238,0.007065562255621896,0.012690060397727307,500,0.95,log-loss skill
strict_first_primary,intermediate,logistic,clinical need (step 0 to 1),0.004622297181802737,0.003876318622091021,0.005384499044330243,500,0.95,log-loss skill
strict_first_primary,intermediate,logistic,social position (step 1 to 2),0.005426243692058574,0.003243699840162457,0.007920518386259295,500,0.95,log-loss skill
strict_first_primary,intermediate,lightgbm,clinical need (step 0 to 1),0.0051609213891203876,0.004078133171512128,0.00621300721780918,500,0.95,log-loss skill
strict_first_primary,intermediate,lightgbm,social position (step 1 to 2),0.008978895280447596,0.006155266255295056,0.012403220815184995,500,0.95,log-loss skill
strict_first_primary,high,logistic,clinical need (step 0 to 1),0.035042700339283805,0.031207822765067013,0.03868038298110402,500,0.95,log-loss skill
strict_first_primary,high,logistic,social position (step 1 to 2),0.008463658960081055,0.005921513811156976,0.011214262950622953,500,0.95,log-loss skill
strict_first_primary,high,lightgbm,clinical need (step 0 to 1),0.036385750158949515,0.03242576768723055,0.03997126340137907,500,0.95,log-loss skill
strict_first_primary,high,lightgbm,social position (step 1 to 2),0.012203201742384984,0.009308087046481695,0.01583620012899038,500,0.95,log-loss skill
strict_first_primary,unknown,logistic,clinical need (step 0 to 1),0.006564636654900369,0.003425384161041906,0.009348044575107082,500,0.95,log-loss skill
strict_first_primary,unknown,logistic,social position (step 1 to 2),0.003984506229753548,-0.00039648705093456695,0.007928501247440867,500,0.95,log-loss skill
strict_first_primary,unknown,lightgbm,clinical need (step 0 to 1),0.0053058275828468116,0.0012358231482050347,0.00893772675423256,500,0.95,log-loss skill
strict_first_primary,unknown,lightgbm,social position (step 1 to 2),0.013946065088304427,0.0069684793371679885,0.022598234044146716,500,0.95,log-loss skill
exclude_prostatectomy_nos,all,logistic,clinical need (step 0 to 1),0.030141804300505726,0.0268826649605188,0.03377050707963578,500,0.95,log-loss skill
exclude_prostatectomy_nos,all,logistic,social position (step 1 to 2),0.006161945541127478,0.003920735767164256,0.008673111907332522,500,0.95,log-loss skill
exclude_prostatectomy_nos,all,lightgbm,clinical need (step 0 to 1),0.03186169830736951,0.028589777229708683,0.035495014501399476,500,0.95,log-loss skill
exclude_prostatectomy_nos,all,lightgbm,social position (step 1 to 2),0.0097987692116146,0.007174617726029106,0.01280939995529674,500,0.95,log-loss skill
exclude_prostatectomy_nos,low,logistic,clinical need (step 0 to 1),0.0014586916672355565,0.0008744299768346398,0.002056671427938231,500,0.95,log-loss skill
exclude_prostatectomy_nos,low,logistic,social position (step 1 to 2),0.006089843524189065,0.002982946039651311,0.009372944873091527,500,0.95,log-loss skill
exclude_prostatectomy_nos,low,lightgbm,clinical need (step 0 to 1),0.00022439147401542847,-0.0008483282811737266,0.0013509272170880325,500,0.95,log-loss skill
exclude_prostatectomy_nos,low,lightgbm,social position (step 1 to 2),0.010266656813499142,0.007573004601834125,0.013192397187202477,500,0.95,log-loss skill
exclude_prostatectomy_nos,intermediate,logistic,clinical need (step 0 to 1),0.004882932311504051,0.004098803725156067,0.005589913005748978,500,0.95,log-loss skill
exclude_prostatectomy_nos,intermediate,logistic,social position (step 1 to 2),0.005404194704243803,0.0031811976342790123,0.008031988861430495,500,0.95,log-loss skill
exclude_prostatectomy_nos,intermediate,lightgbm,clinical need (step 0 to 1),0.00527611569343589,0.004092879526035628,0.00636276987379302,500,0.95,log-loss skill
exclude_prostatectomy_nos,intermediate,lightgbm,social position (step 1 to 2),0.009340883053442828,0.006548208773967901,0.012761310536165986,500,0.95,log-loss skill
exclude_prostatectomy_nos,high,logistic,clinical need (step 0 to 1),0.03526725353617799,0.03161350992409974,0.038639722635505185,500,0.95,log-loss skill
exclude_prostatectomy_nos,high,logistic,social position (step 1 to 2),0.00856530693783708,0.005942670043304946,0.011478961846300638,500,0.95,log-loss skill
exclude_prostatectomy_nos,high,lightgbm,clinical need (step 0 to 1),0.03727862862634046,0.03358989106157873,0.04064299904538852,500,0.95,log-loss skill
exclude_prostatectomy_nos,high,lightgbm,social position (step 1 to 2),0.011883672540959234,0.009188568130636881,0.015532938934874493,500,0.95,log-loss skill
exclude_prostatectomy_nos,unknown,logistic,clinical need (step 0 to 1),0.006354643177317709,0.004094277581633865,0.008720720484393478,500,0.95,log-loss skill
exclude_prostatectomy_nos,unknown,logistic,social position (step 1 to 2),0.005179367157240544,0.0015369387711914818,0.009287516452836271,500,0.95,log-loss skill
exclude_prostatectomy_nos,unknown,lightgbm,clinical need (step 0 to 1),0.004064823184483424,0.0009744115772533509,0.007116791008811537,500,0.95,log-loss skill
exclude_prostatectomy_nos,unknown,lightgbm,social position (step 1 to 2),0.01371021674919315,0.007403863195145355,0.021259279455762867,500,0.95,log-loss skill
logistic_wide_c_grid,all,logistic,clinical need (step 0 to 1),0.030144787765437497,0.026899379977267466,0.03375232523139575,500,0.95,log-loss skill
logistic_wide_c_grid,all,logistic,social position (step 1 to 2),0.0061666843568282115,0.003919481779430837,0.008674070158965102,500,0.95,log-loss skill
logistic_wide_c_grid,low,logistic,clinical need (step 0 to 1),0.0013832749719396853,0.0007985515110470382,0.0019908223119603297,500,0.95,log-loss skill
logistic_wide_c_grid,low,logistic,social position (step 1 to 2),0.006197041908582945,0.0031849629049031467,0.009446809905421492,500,0.95,log-loss skill
logistic_wide_c_grid,intermediate,logistic,clinical need (step 0 to 1),0.004911384742225855,0.0041089272005754435,0.005625584467722843,500,0.95,log-loss skill
logistic_wide_c_grid,intermediate,logistic,social position (step 1 to 2),0.005638678369827788,0.0034573693620179166,0.008345487742039729,500,0.95,log-loss skill
logistic_wide_c_grid,high,logistic,clinical need (step 0 to 1),0.035294253259220976,0.03163881461580135,0.03861850619209797,500,0.95,log-loss skill
logistic_wide_c_grid,high,logistic,social position (step 1 to 2),0.008592608275613034,0.0059949751604018164,0.011454376593027088,500,0.95,log-loss skill
logistic_wide_c_grid,unknown,logistic,clinical need (step 0 to 1),0.006502111507137753,0.004084015832008636,0.00887439694358556,500,0.95,log-loss skill
logistic_wide_c_grid,unknown,logistic,social position (step 1 to 2),0.0041541987736112285,0.0007663558120881579,0.008008927455390669,500,0.95,log-loss skill
